seconds_elapsed,orientation_qz,orientation_qy,orientation_qx,orientation_qw,orientation_roll,orientation_pitch,orientation_yaw,accelerometerUncalibrated_z,accelerometerUncalibrated_y,accelerometerUncalibrated_x,magnetometerUncalibrated_z,magnetometerUncalibrated_y,magnetometerUncalibrated_x,gyroscopeUncalibrated_z,gyroscopeUncalibrated_y,gyroscopeUncalibrated_x,gyroscope_z,gyroscope_y,gyroscope_x,microphone_dBFS,accelerometer_z,accelerometer_y,accelerometer_x,totalAcceleration_z,totalAcceleration_y,totalAcceleration_x,location_bearingAccuracy,location_speedAccuracy,location_verticalAccuracy,location_horizontalAccuracy,location_speed,location_bearing,location_altitude,location_longitude,location_latitude,magnetometer_z,magnetometer_y,magnetometer_x,class
0,0.053010678717068264,0.001696597,0.024715079216375238,0.9982739055440539,7.842648618688621E-4,-0.049541376,-0.106084581,9.842048798078372,0.5108380928451632,-0.083494001,-108.0699147,75.78886954392058,-21.33733631,-0.008954127,0.023633084566582266,-0.00504694,0.011699129,0.01381252,-0.006052303,-84.625,-0.047815353,0.017476702834430494,-0.057595778,9.844535249,0.5046861753577278,-0.077795221,45,1.5,1.2085942029953003,24.027000427246094,0,0,154.79998779296875,-86.9098593,40.425965,-44.96248894,50.005816507339475,5.731254893541336,Campus
1,0.046923063,0.004205484,-0.010301806,0.9986488356173617,0.009227997,0.020130353,-0.093733957,9.920105443417448,0.5091717488164064,0.15092786662823077,-106.1493925,80.34492835998535,-21.85507963,-0.046602308,0.022970525,-0.120486656,-0.025986213,0.009828414,-0.121256147,-65.625,0.069872949,0.6993815206280611,0.23506966992778686,9.920105443417448,0.5091717488164064,0.15092786662823077,45,1.5,1.2085942029953003,24.027000427246094,0,0,154.79998779296875,-86.9098593,40.425965,-43.02939896,54.544734992980956,5.204763917922974,Campus
2,0.057710527120014794,0.010583837333425751,0.013176998159346672,0.997487142,0.020572899260794378,-0.027520737,-0.115523218,9.852612736155686,0.007904445,-0.140508635,-104.398448,78.81236503601075,-19.54122765,-0.051687076,0.014500281451126704,0.15187924184675256,-0.031070983,0.001350912,0.1510554778461273,-59.55555556,-0.074983785,-0.254683774,0.070902379,9.852612736155686,0.007904445,-0.140508635,24.62524986,1.1301770210266113,1.2348356246948242,17.81800079345703,1.2145085334777832,320.5373229980469,154.79998779296875,-86.9101672,40.4258012,-41.27821121,53.012171020507814,7.518737897872925,Campus
3,0.034115611,0.002468958,0.045873975724849886,0.998025038,0.002156989,-0.092017558,-0.068364067,9.864812105604745,0.40905651524301295,-0.239735278,-105.5983178,73.60723464965821,-19.63162958,-0.124861925,-0.00169762,0.026254571,-0.104245828,-0.014842699,0.025465806046482718,-54.33333333,-0.012274997,-0.50226299,-0.218037887,9.864812105604745,0.40905651524301295,-0.239735278,5.7911834716796875,1.0653167963027954,1.244862675666809,14.723999977111816,1.1913878917694092,336.51348876953125,154.79998779296875,-86.9101963,40.4257809,-42.47795937,47.80691895,7.428091846,Campus
4,0.033115304618829736,0.013534360535752799,0.029246694146140107,0.998443843,0.02566949,-0.058958426,-0.065465374,10.19406916331319,0.2096914157307553,-0.438107236,-104.9515961,74.15269676208496,-19.06628164,0.037350642,0.018758348578098907,-0.058327017,0.057966736,0.005617719,-0.059115781,-49.75,0.2979494854084496,-0.374288916,-0.184270581,10.19406916331319,0.2096914157307553,-0.438107236,7.507186412811279,1.0983624458312988,1.2548085451126099,12.63700008392334,1.1344531774520874,336.0510254,154.79998779296875,-86.9102006,40.4257749,-41.83074928,48.352503089904786,7.993561831,Campus
5,0.10115021884947725,-0.001057884,0.028515726332417102,0.9931694228672286,-0.007179339,-0.055711512,-0.203111141,9.904880227394475,0.14847696933429688,-0.205474934,-105.7537462,71.71684502,-18.43029567,0.2522384038836994,0.009144918,-0.010904811,0.2728544992747382,-0.004001641,-0.011695055,-47.66666667,-0.003919875,-0.404046252,-0.276691805,9.904880227394475,0.14847696933429688,-0.205474934,12.110150337219238,1.1661903858184814,1.264809012413025,7.945000171661377,1.001452922821045,326.64202880859375,154.79998779296875,-86.9102181,40.4257678,-42.63399719,45.91628490447998,8.629547825,Campus
6,0.17399230433031193,0.010392586957184074,0.003718861,0.9843098897378422,0.019578500174989615,-0.011050405,-0.349861941,9.774786871213179,0.092767895,-0.219524216,-105.4949837,70.85210845947266,-14.25984769,-0.075163867,-0.00874757,-0.003767386,-0.054544806,-0.021888199,-0.004578389,-49,-0.158364564,-8.04E-04,-0.032406739,9.774786871213179,0.092767895,-0.219524216,11.841349601745605,0.840595007,1.2748135328292847,7.269000053405762,0.826321542,318.8500061035156,154.79998779296875,-86.9102331,40.4257711,-42.37547916,45.05167114257812,12.799995746612549,Campus
7,0.12411889404926485,0.01203215,0.020923088747754837,0.9910068488815456,0.019526694869781952,-0.044036442,-0.24866573,9.932728754,-0.510858924,-0.17809105,-107.8033463,70.90249465942382,-15.96674973,0.082636367,0.018092644685716593,-0.005040973,0.1032524611258391,0.004941635,-0.005823805,-50.88888889,0.053114933,-0.962250128,0.030531615235851805,9.932728754,-0.510858924,-0.17809105,14.144542694091797,0.9152595400810242,1.2848408222198486,5.7270002365112305,0.5439416766166687,319.2972412109375,154.79998779296875,-86.9102434,40.4257739,-44.68323105,45.10144714355469,11.093215789794922,Campus
8,0.20236335911797088,0.006926934,0.005892873,0.9784336119022184,0.011036946234808675,-0.014739399,-0.407787015,9.902632621,0.26617828648971414,-0.303778126,-108.293176,68.56607276916503,-14.07404169,0.19846012367351543,0.047027826,-0.020964515,0.21907621775799005,0.033894609442337874,-0.021729557,-51.75,-0.007843712,0.11305006799622647,-0.202227126,9.902632621,0.26617828648971414,-0.303778126,14.322286605834961,0.840595007,2.2535035610198975,4.800000190734863,0.2308315634727478,319.7786560058594,154.79998779296875,-86.9102536,40.4257767,-45.17354893,42.766489295959474,12.985923728942872,Campus
9,0.3014259977826794,-0.004972138,-0.010256379,0.9530659751984679,-0.003025732,0.022475897316432115,-0.612536928,9.901868885003248,0.4690077576641608,-0.051916121,-107.8320161,68.21349258422852,-10.95279372,0.07669395,-0.036437337,-0.027003305,0.097310044,-0.049572034,-0.027814308,-44.11111111,0.1856543855759704,0.6893035876338632,-0.090093591,9.901868885003248,0.4690077576641608,-0.051916121,20.194110870361328,1.174776554107666,2.2633278369903564,4.304999828338623,0.5869313478469849,318.2502746582031,154.79998779296875,-86.9102632,40.4257772,-44.71238907,42.41390919,16.10704962730408,Campus
10,0.36499204343328107,-0.01579453,0.02267316,0.9297871326024716,-0.046161906,-0.030224545,-0.749000682,10.111359915687043,0.028316037,0.4114173985475186,-112.331986,60.11086284637451,-10.11404378,0.13551411498785734,0.016478194407402322,-0.013353473,0.156136084,0.003324417,-0.014166958,-30.125,0.3154830795068007,-0.262268034,-0.036574291,10.111359915687043,0.028316037,0.4114173985475186,26.709178924560547,0.9544107913970947,2.2732131481170654,4.236999988555908,1.1812493801116943,316.90045166015625,154.79998779296875,-86.9102769,40.4257783,-49.21162701,34.31103536605835,16.94628764152527,Campus
11,0.3983528318914395,-0.007357206,0.002040782,0.9168957819059057,-0.014804804,0.002247231,-0.819719481,9.815483384919398,-0.498932557,-0.057128641,-113.4249834,53.866415100097655,-9.12669785,0.054644142,0.033120672616913226,-0.03089968,0.075260237,0.019957802570379764,-0.03169289,-30.55555556,0.004480816,-0.476190021,-0.202308844,9.815483384919398,-0.498932557,-0.057128641,28.596450805664062,0.8544003963470459,2.283257484436035,3.9000000953674316,1.4198551177978516,313.34271240234375,154.79998779296875,-86.9102956,40.4257798,-50.30462498,28.06561143875122,17.933267602920534,Campus
12,0.41942159209436586,-0.017712334,-0.017143516,0.9073028327191918,-0.017637644,0.046065478,-0.865634086,9.937099155870456,-0.80151137,-0.079175134,-110.0297239,52.577484970092776,-11.49801177,0.005859389,-0.013625452,0.006827552,0.026475484,-0.026763115,0.006013583,-31.33333333,0.089199103,-0.346674244,-0.252688731,9.937099155870456,-0.80151137,-0.079175134,31.03882408,0.9069730043411255,2.2932825088500977,3.9000000953674316,1.4262018203735352,279.24591064453125,154.79998779296875,-86.9103143,40.4257803,-46.90973095,26.777413635253907,15.562197675704956,Campus
13,0.39471731486829736,-0.010708539,-0.012667578,0.9183116757753983,-0.009561976,0.031820224361828735,-0.811733386,9.974269214185696,-0.587475706,0.101776273,-107.4630878,53.49919502258301,-11.98149779,-0.140471147,0.050042031,0.019295064117578628,-0.119855052,0.036895473,0.018503334662578638,-20.5,0.11230437732437282,-0.273324522,0.007729261,9.974269214185696,-0.587475706,0.101776273,31.938617706298828,0.840595007,2.033078193664551,3.9000000953674316,1.3764604330062866,272.9012145996094,155,-86.9103304,40.4257764,-44.34394928,27.699611434936525,15.078589744567871,Campus
14,0.37016998390549594,0.003774705,0.007423525,0.9286711927756522,0.001408258,-0.016431714,-0.758574033,9.925278742,-0.097311956,-0.127455194,-106.2393064,52.12437690734863,-11.67381376,0.014174028724721335,0.051790062,0.045038123,0.034790123175395635,0.038639053494389196,0.044241947,-17.55555556,0.074379569,-0.257255693,-0.115683619,9.925278742,-0.097311956,-0.127455194,33.172794342041016,0.8765842914581299,2.0430634021759033,3.9000000953674316,1.3347463607788086,264.35198974609375,155,-86.910344,40.4257735,-43.11906898,26.324915504455568,15.386273717880249,Campus
15,0.3772835297491944,0.017586598,0.008624843,0.925641485,0.026304893840151812,-0.029042451,-0.773642115,10.02172492314311,0.19318558084914117,-0.288695213,-104.744196,50.76688293457031,-10.14625184,-0.022453084,0.011712848,-0.013699583,-0.001836991,-0.001427782,-0.014494279,-16.875,0.14559118,-0.088432269,-0.025783808,10.02172492314311,0.19318558084914117,-0.288695213,33.24815368652344,0.840595007,2.052863836288452,3.9000000953674316,1.3017518520355225,273.534668,155,-86.9103567,40.4257717,-41.62395916,24.966933612823485,16.913835563659667,Campus
16,0.33965851294184196,0.008337981,0.003076028,0.9400933859417739,0.013885837647039895,-0.011678241,-0.693360313,9.920883725,-0.010927413,0.1841340906673916,-104.8139799,54.01427879333496,-10.77552775,-0.185045206,-0.017711606,0.001248381,-0.16442911,-0.0308552,4.5072201422406634E-4,-17.55555556,0.038780467024127255,-0.122681636,0.30659896392122055,9.920883725,-0.010927413,0.1841340906673916,33.83463668823242,0.9241753220558167,2.062877893447876,3.9000000953674316,1.340730905532837,273.07513427734375,155,-86.910371,40.4257721,-41.6939872,28.21457353591919,16.284559688568116,Campus
17,0.18497873821015498,0.013847725,0.002541493,0.9811343706927254,0.025872067,-0.011004816,-0.372428432,9.856495274,-0.044943832,0.15133151356854196,-104.2908438,60.666816787719725,-12.37250778,-0.454790609,0.015794552758661578,-0.02568672,-0.434174519,0.002652441,-0.026462141,-35.875,-0.045877258,-0.149979688,0.4095206164203367,9.856495274,-0.044943832,0.15133151356854196,32.783409118652344,0.865332305,2.072996139526367,3.9000000953674316,1.3285828828811646,292.8803405761719,155,-86.9103845,40.425776,-41.17097313,34.86674530029297,14.687945680618286,Campus
18,0.010579874773751587,0.014212784217446685,-0.009147849,0.9992652168640723,0.029033281390394013,0.017717775395095278,-0.021505299,9.951255729,-0.506035526,-0.229002419,-101.9125758,69.89575119018555,-15.43885572,-0.301746799,0.025958071507585164,0.042171954,-0.281130705,0.012816046169833638,0.041361408,-38.44444444,0.057820177995241605,-0.339744522,0.071120082,9.951255729,-0.506035526,-0.229002419,33.46189880371094,0.9160786271095276,2.3600339889526367,3.9000000953674316,1.3474739789962769,307.39483642578125,155.1999969482422,-86.9103957,40.425784,-38.79270538,44.09702129364014,11.620865745544434,Campus
19,-0.110323293,0.009730238,-0.00721428,0.9931543643034778,0.018211644,0.016044358590061696,0.22103675071475576,9.840041776305263,-0.208643102,0.10116354586303379,-102.3295717,75.54252075195312,-19.88160767,-0.330118463,-0.022893429,0.028306542912122874,-0.30950237,-0.036026644,0.027517779517774153,-42.55555556,-0.057569393,-0.049341127,0.28157004211278797,9.840041776305263,-0.208643102,0.10116354586303379,32.41509246826172,0.840595007,2.3699862957000732,3.9000000953674316,1.3292770385742188,324.3207702636719,155.1999969482422,-86.9104035,40.4257948,-39.21043324,49.74293724060058,7.1782358717918395,Campus
20,-0.224318366,0.002132695,-0.003175002,0.9741246121600994,0.003241253,0.007145746,0.45256025235629777,9.959752573550325,-0.231572382,0.047365691853874785,-102.7669421,77.01066864013671,-25.54326147,-0.143875286,0.002175031,-0.028487426,-0.123259191,-0.010964115,-0.029273224,-38.125,0.056983494,-0.160578488,0.079366935,9.959752573550325,-0.231572382,0.047365691853874785,31.19550895690918,0.8823264837265015,2.379936695098877,3.9000000953674316,1.3990362882614136,342.2646179199219,155.1999969482422,-86.9104077,40.4258091,-39.64670525,51.20986503601074,1.5168259759992362,Campus
21,-0.257155054,-0.016514707,-0.00614525,0.9659771491022944,-0.034805366,0.003568277,0.5205260862424536,9.785567237335501,-0.248615439,0.11421082071164279,-101.9882159,77.38325653076171,-28.66780357,-0.078295199,-0.042646627,0.022125421,-0.057679105,-0.055787256,0.021326279,-35,-0.131621541,-0.213132329,-0.230702444,9.785567237335501,-0.248615439,0.11421082071164279,31.94916343688965,0.8459905385971069,2.3899710178375244,3.9000000953674316,1.3696125745773315,354.1911621,155.1999969482422,-86.9104077,40.4258237,-38.86834545,51.58233112335205,-1.607959964,Campus
22,-0.262426572,-0.013453036,-0.003675117,0.9644842061024268,-0.027472674,2.5920405389415554E-4,0.5313137092636627,9.880367334072407,-0.337457016,0.10314733479530193,-102.3094416,77.80281448364258,-29.07638138,-0.006345695,0.018828032664882328,-0.001088257,0.014270399308320388,0.005677024,-0.001897778,-28.66666667,-0.048209903,-0.345433152,-0.166993348,9.880367334072407,-0.337457016,0.10314733479530193,32.87350082397461,0.8514693379402161,2.3999905586242676,3.881000042,1.3365963697433472,352.3296203613281,155.1999969482422,-86.9104077,40.4258368,-39.18993744,52.00213302612305,-2.016415958,Campus
23,-0.239252177,-0.009228274,-0.004909796,0.9703350489579358,-0.01990049,0.004833679,0.4833924154054771,9.825025586248602,-0.068979495,-0.002575766,-102.79732,77.78256248,-29.10749146,0.087487562,0.051831577,-0.019364747,0.10810365481302142,0.038686498640177466,-0.02016389,-31.5,-0.079925185,-0.017854981,-0.205267607,9.825025586248602,-0.068979495,-0.002575766,26.61473846435547,0.7387827634811401,2.4862537384033203,3.881000042,1.339861512184143,348.4150391,155,-86.9104102,40.425849,-39.67769333,51.982002906799316,-2.047525947,Campus
24,-0.209234193,0.011997982757889386,-0.015709469,0.9773566173118295,0.017088293,0.035907471,0.4212805504359088,9.836324678,-0.248261158,-0.249457566,-103.4491658,79.12614814758301,-26.8674494,-0.075543422,0.038050447,-0.031056839,-0.054927327,0.024903887,-0.031858947,-28.77777778,-0.064838442,0.10824607334380011,-0.073457553,9.836324678,-0.248261158,-0.249457566,33.010616302490234,0.8514693379402161,2.496361494064331,3.878000020980835,1.3208750486373901,356.68658447265625,155,-86.9104111,40.4258624,-40.32905125,53.32571075439453,0.1923940017260611,Campus
25,-0.214834449,0.029995295103838287,0.003486287,0.9755050100169136,0.060653134,0.005882017,0.4333614408969879,9.884613833381135,-0.176935296,-0.323855768,-102.7696256,75.61267066955567,-25.47420952,0.006393139,0.098441297,5.204058670465952E-4,0.027009234,0.085276946,-2.73E-04,-29.22222222,-0.017105237,-0.117209346,0.27743081965492766,9.884613833381135,-0.176935296,-0.323855768,28.14906883239746,0.840595007,2.5062170028686523,3.881000042,1.5330867767333984,353.4248352050781,155,-86.910413,40.4258793,-39.64926731,49.811379203796385,1.585633967742324,Campus
26,-0.24170482,0.040237722,0.011479993829652813,0.9687783144987546,0.084240312,-0.002361047,0.48931634110900074,9.993757364,-0.249007459,-0.884911692,-104.0120739,76.29135635375977,-24.03143753,-0.15465008,-0.059131778,0.051540235,-0.134033986,-0.072279678,0.050723817315883934,-29.125,0.1196953745988699,-0.265543396,-0.043319535,9.993757364,-0.249007459,-0.884911692,31.555727005004883,0.8709190487861633,2.5162181854248047,3.881000042,1.4309682846069336,355.6313171386719,155,-86.9104148,40.425895,-40.8930574,50.49116302490234,3.028527941,Campus
27,-0.248848666,0.011774742982118024,0.006103335,0.9681927365006753,0.026076585093532344,-0.005724766,0.5033093919453112,9.739865442,-0.117178618,-0.510330415,-102.3111497,73.07421607971192,-27.21527153,-0.026604475,-0.008580032,-0.039553842,-0.005988378,-0.021722143,-0.040351502,-34.55555556,-0.172540632,-0.173719339,-0.251687013,9.739865442,-0.117178618,-0.510330415,30.68335533,0.865332305,2.526245594024658,3.881000042,1.454482913017273,2.8627355098724365,155,-86.9104148,40.42591,-39.19176723,47.27329097747803,-0.154329998,Campus
28,-0.251090453,0.01009482,-0.022646745,0.9672718516831259,0.008488958,0.048967073,0.507716769,9.783072814200688,-0.391577871,-0.161556184,-98.28990845,81.03544868469238,-29.0786994,0.001541945,-0.001980805,-0.071163705,0.022158039209333437,-0.015127364,-0.071949505,-38.75,-0.118352895,0.093654482,-0.077354636,9.783072814200688,-0.391577871,-0.161556184,24.448062896728516,0.7184010148048401,1.8106898069381714,3.9000000953674316,1.4411622285842896,353.8913574,154.39999389648438,-86.9104166,40.4259259,-35.17052532,55.235133018493656,-2.018123957,Campus
29,-0.244933203,0.002850715,-0.029925649,0.9684182770043901,-0.009085067,0.059969222,0.4957602452305914,10.034670556633218,-0.664316096,0.001611672,-101.6250221,83.47105606079101,-29.74042742,-0.018183085,-0.014003525,0.055481833,0.002433011,-0.027142671,0.054679725,-35.33333333,0.13136788247858436,-0.06920705,-0.088133602,10.034670556633218,-0.664316096,0.001611672,29.58350944519043,0.840595007,1.820690631866455,3.9000000953674316,1.4832570552825928,349.6680908203125,154.39999389648438,-86.9104206,40.4259426,-38.50563927,57.671716918945314,-2.680583935,Campus
30,-0.209235786,3.571419982868021E-4,-0.013259693,0.9772901008430036,-0.004191415,0.026230783701322757,0.42199831,9.979580333599678,-0.284881064,0.3497461177041539,-103.7355003,80.58404853820801,-28.70232946,-0.030352584,0.049005666,-0.01324145,-0.00973649,0.035851692509593316,-0.014031694,-33.625,0.067804119,-0.02617788,0.31204185077866303,9.979580333599678,-0.284881064,0.3497461177041539,30.175294876098633,0.8683893084526062,1.8305376768112183,3.881000042,1.473223090171814,349.95208740234375,154.39999389648438,-86.9104247,40.4259578,-40.61636112,54.783977012634274,-1.642485962,Campus
31,-0.230770178,0.009125548,-0.022337053,0.972499516,0.007407651,0.047930332515569565,0.4657303297403947,9.958164127127638,-0.553639341,-0.064411649,-102.9144398,82.18749458312988,-29.78056543,-0.123367425,0.027098192950909577,0.027583016,-0.102751331,0.013944219668436507,0.026794252,-31.22222222,0.008167359,-0.074335912,0.005332858,9.958164127127638,-0.553639341,-0.064411649,29.861310958862305,0.8765842914581299,1.8405609130859375,3.878000020980835,1.4950408935546875,355.1761474609375,154.39999389648438,-86.9104268,40.4259728,-39.79395924,56.38730087280273,-2.720599947,Campus
32,-0.262550308,0.017485812058385793,-0.011238335,0.9644956640826846,0.027913669791691135,0.031037517,0.5310702856304577,9.919905093109723,-0.489448393,-0.332259687,-103.3876781,81.80563438415527,-30.68665941,-0.105694366,0.011834425544275821,0.002925246,-0.085078273,-0.00130917,0.002135,-32.125,0.031040655,-0.188127911,-0.048975265,9.919905093109723,-0.489448393,-0.332259687,29.949922561645508,0.8905054926872253,1.8505958318710327,3.878000020980835,1.507959008216858,350.71551513671875,154.39999389648438,-86.9104304,40.4259876,-40.26719704,56.00592884063721,-3.626815913,Campus
33,-0.265713137,0.001826466,-0.011034622,0.9638594875057924,-0.002245941,0.022345462117741986,0.5380821581025725,9.889907689,-0.506877661,-0.21462806,-104.144688,81.37094848632813,-32.77444534,-0.034148141,-0.031230307,0.02315289,-0.013532047,-0.044365006,0.022346335,-32.66666667,-0.01326542,-0.284113244,-0.241064706,9.889907689,-0.506877661,-0.21462806,22.136249542236328,0.7144927978515625,2.011060953140259,3.878000020980835,1.5014030933380127,350.9754943847656,154.79998779296875,-86.9104342,40.4260026,-41.02506111,55.570144996643066,-5.714235907,Campus
34,-0.28933323,0.004812633,0.0093686,0.9569304195734171,0.014606964,-0.014892358,0.5874044723235644,10.376559595459874,-0.619987894,-0.016288039,-105.2634279,78.19907051086426,-33.27171719,-0.042841537,0.065412051,0.089881181,-0.022225443,0.052262682,0.089089723,-27.375,0.43703904977211583,-0.760101104,0.13029084583887687,10.376559595459874,-0.619987894,-0.016288039,30.709835052490234,0.9160786271095276,2.0210611820220947,3.878000020980835,1.5003265142440796,352.6882324,154.79998779296875,-86.9104369,40.4260169,-42.14343513,52.39875507354736,-6.211873841,Campus
35,-0.254008748,0.002265554,0.016982218,0.9665546932266754,0.013888801988375315,-0.031977679,0.5139254108794684,9.757791343244534,0.14771614545838707,-0.132557727,-106.2068539,75.10820053100586,-31.99340143,0.092386199,0.060442743357270956,-0.090764194,0.11300229465586667,0.047309526926679626,-0.091544061,-25.22222222,-0.151299754,-0.169342798,0.005180724,9.757791343244534,0.14771614545838707,-0.132557727,33.42338562011719,0.9800510406494141,2.0309112071990967,3.9000000953674316,1.4603815078735352,351.3034668,154.79998779296875,-86.9104385,40.4260306,-43.0861293,49.30825103759766,-4.933679886,Campus
36,-0.17549648,0.020670213638262335,-0.004006813,0.9840310383768915,0.039219205684788094,0.015213327222386176,0.35260715154768196,9.933962896032241,0.1712058803464458,-0.790819167,-105.0448041,78.41928055,-28.17809557,0.015668529,-0.057124597,0.00877574,0.036284624,-0.070257813,0.00800625,-28.625,0.010235027202124734,0.32237812898402074,-0.401337627,9.933962896032241,0.1712058803464458,-0.790819167,35.38562012,1.0462313890457153,2.040942668914795,3.9000000953674316,1.4508681297302246,343.6839904785156,154.79998779296875,-86.9104409,40.4260434,-41.92542126,52.61969727,-1.117641982,Campus
37,-0.241012447,0.002206309,-0.013039631,0.9699837559635199,-0.002310459,0.02625595,0.487063823,9.942314629415863,0.1385572082882982,0.10480505168365623,-104.540822,79.95367446899414,-32.6191394,-0.241622709,0.013211796711226112,0.006431687,-0.221006614,7.857975111460512E-5,0.005645889,-25.88888889,0.10606219467607517,0.39636509212692383,0.081918044,9.942314629415863,0.1385572082882982,0.10480505168365623,45,0.080622576,2.0509285926818848,3.9000000953674316,1.3911833763122559,343.5815734863281,154.79998779296875,-86.91044,40.4260416,-41.42046329,54.154090881347656,-5.559295902,Campus
38,-0.333961901,-0.02203761,-0.007242368,0.9418802463892594,-0.046276975,-0.001162297,0.6814486147130577,9.911508505160992,-0.011233612,0.13312951988057017,-104.2515598,78.43465263366699,-38.6739991,-0.101720895,-0.006406483,-0.011880386,-0.0811048,-0.019539699,-0.012643945,-25.22222222,0.074449641,-0.025383937,-0.322731794,9.911508505160992,-0.011233612,0.13312951988057017,45,1.1200445890426636,3.7527778148651123,3.881000042,1.1254366636276245,343.4739074707031,157.1999969482422,-86.9104388,40.4260386,-41.13144524,52.63567897796631,-11.61403378,Campus
39,-0.288831123,-0.01750712,-0.004807575,0.9570993011437573,-0.036311564,-9.14E-04,0.5861563051788552,9.938940270433148,0.0369029,0.33382489532232285,-104.1916581,79.32671669006348,-37.48852509,0.054134114,0.012488268,0.009342108,0.074750209,-6.45E-04,0.008575584,-21.125,0.057135637524058515,0.031130791,-0.027852688,9.938940270433148,0.0369029,0.33382489532232285,45,0.080622576,3.7628626823425293,3.881000042,0.7770954370498657,343.3456115722656,157.1999969482422,-86.9104378,40.426036,-41.07227531,53.52701107025146,-10.42807178,Campus
40,-0.252131446,-0.008859441,-0.008873585,0.9674409899896789,-0.021405186,0.012601372848029781,0.5099682072991306,9.914695489753797,-0.070178817,0.1828650815830028,-103.9518062,80.20731231689453,-35.93705143,0.074535227,0.032153992,-0.055529278,0.095151321,0.019020775,-0.056292837,-20.55555556,-0.00715252,0.058642422,-0.026967238,9.914695489753797,-0.070178817,0.1828650815830028,45,0.080622576,3.7727437019348145,3.881000042,0.49684423208236694,343.31744384765625,157.1999969482422,-86.9104371,40.4260342,-40.83217903,54.40711883544922,-8.877329812,Campus
41,-0.183943606,-0.002786797,-0.016572249,0.9826870902070721,-0.011684811,0.031509244,0.3702984324936728,9.957589103180227,-0.336028962,0.070922218,-103.559576,81.50148857116699,-33.11140942,0.073194921,0.021514575,0.033962811,0.093811016,0.008381358,0.033199252,-24.5,-0.003635703,-0.025026244,-0.045214674,9.957589103180227,-0.336028962,0.070922218,45,0.080622576,3.782944917678833,3.878000020980835,0.30284708738327026,343.1639709472656,157.1999969482422,-86.9104367,40.4260331,-40.43994892,55.702636833190915,-6.051321898,Campus
42,-0.147863124,0.002887106,5.677881635899842E-4,0.9889197171880648,0.0058813,-2.96E-04,0.2968415537705788,9.884271186532326,-0.022272997,0.011325253137541048,-104.4417578,78.86519104003906,-30.91565334,0.044732814556202635,0.028627591827199258,0.011184672072816353,0.06534891,0.015494375554576086,0.010419644634776678,-22.66666667,-0.02726311,-0.026153146,0.070744669,9.884271186532326,-0.022272997,0.011325253137541048,45,0.080622576,3.7927868366241455,3.881000042,0.1858367621898651,343.0763244628906,157.1999969482422,-86.9104365,40.4260325,-41.32176506,53.06475307,-3.855687921,Campus
43,-0.170115033,0.006809254,-4.76E-04,0.9849145863820048,0.013339742755933293,0.003266972,0.34204320768708163,9.827165733,0.26672132,-0.180039576,-103.9408261,79.73846649169921,-30.96738144,-0.233379236,0.011432629358927601,-0.042826027,-0.212763142,-0.001700587,-0.043589586,-27,-0.050458677,0.29906388151558855,-0.048232506,9.827165733,0.26672132,-0.180039576,45,0.080622576,3.802783489227295,3.9000000953674316,0.11348490417003632,343.02606201171875,157.1999969482422,-86.9104363,40.4260321,-40.82046715,53.938028984069824,-3.907415912,Campus
44,-0.187839325,-0.003151475,0.018073341,0.9812407458870156,3.2417278228784254E-4,-0.036661757,0.3780178787928183,9.984110586851546,0.3079684706771005,0.058365704642904886,-103.4325742,80.40617256,-33.5595153,0.18657528864925058,0.054449915569456456,-0.020715432,0.20719138310444588,0.041307804,-0.021504195,-28.33333333,0.10629155797865784,-0.054606771,0.061644674,9.984110586851546,0.3079684706771005,0.058365704642904886,75.85825348,1.1884864568710327,2.861178159713745,3.9000000953674316,0.475976825,6.309006690979004,154.39999389648438,-86.910435,40.4260352,-40.31209309,54.60573490142822,-6.499427872,Campus
45,-0.105030565,0.011428291010837957,-0.002020792,0.9941184931588405,0.022606910392302948,0.006646264,0.2105475261952113,9.886100694971176,-0.252686718,-0.22198657,-102.3969163,80.68506462097167,-29.5104575,-0.015680389,0.018049646951642465,0.037037804,0.004935705,0.004906053,0.036247559,-29.875,-0.033975481,-0.186275584,0.002534952,9.886100694971176,-0.252686718,-0.22198657,78.65511322021484,1.260515809059143,2.871027946472168,3.9000000953674316,0.48478883504867554,353.7165222167969,154.39999389648438,-86.9104341,40.4260395,-39.27802116,54.88474891662597,-2.450613948,Campus
46,-0.072593456,-4.50E-05,0.001415351,0.997130541,3.111101862142604E-4,-0.002669901,0.14541218429803848,10.008184941915365,-0.154132867,-0.469801389,-103.3393659,79.12614875793457,-27.27578348,0.042771169219563886,-0.038103822,0.008655646,0.063387263,-0.051244452,0.007852057,-37.11111111,0.044227151037419886,-0.169840637,-0.467888287,10.008184941915365,-0.154132867,-0.469801389,28.366287231445312,0.8514693379402161,2.8810391426086426,3.9000000953674316,1.2087187767028809,355.048584,154.39999389648438,-86.9104339,40.4260512,-40.21925129,53.32595516204834,-0.215696001,Campus
47,-0.04913121,-7.34E-06,-0.002643623,0.9986253826363573,-1.65E-04,0.005309512,0.098361478,10.021402576594676,-0.293193376,-0.083394513,-103.275804,80.16461219787598,-27.52771349,0.052449837,0.047600124166934814,-0.015852375,0.073068897,0.03444022,-0.016664862,-30.44444444,0.094035982,-0.232026049,-0.083712202,10.021402576594676,-0.293193376,-0.083394513,30.475412368774414,0.9360021352767944,2.8910555839538574,3.9000000953674316,1.3454022407531738,334.62677001953125,154.39999389648438,-86.9104379,40.4260633,-40.15483509,54.36466278076172,-0.467381987,Campus
48,-0.060033939,0.028380049898931125,-0.002265757,0.9974562971337327,0.056545476,0.008192664,0.11984897705102429,9.955518634573927,-0.558215906,-0.584804112,-103.025338,79.93134834,-25.63781155,-0.056233532,0.011647611572203741,-0.033205182,-0.035617436,-0.001510808,-0.034017668,-32.125,0.11455496538032606,-0.489272042,-0.011085128,9.955518634573927,-0.558215906,-0.584804112,29.910511016845703,0.9300537705421448,2.9011168479919434,3.9000000953674316,1.4330750703811646,347.8810729980469,154.39999389648438,-86.9104396,40.426076,-39.90485729,54.13188682556152,1.4219099609181285,Campus
49,-0.069737925,0.025619839426317677,-0.023447303,0.9965720547055735,0.048186768,0.0504341,0.13823765798390492,9.886425921060507,-0.823845349,-0.652456527,-102.3737363,82.00534828186035,-27.17623144,-0.026284224,0.035451381332218396,-0.054839849,-0.005668128,0.022294442085730073,-0.055640476,-32.44444444,0.025390467597442925,-0.331043808,-0.179027495,9.886425921060507,-0.823845349,-0.652456527,27.760051727294922,0.8459905385971069,4.223601818084717,3.9000000953674316,1.5392053127288818,352.62322998046875,154.29998779296875,-86.9104396,40.4260906,-39.25410934,56.20515491485596,-0.116632001,Campus
50,-0.055117782,0.046080225,-0.029759095,0.9967307975659003,0.089005966,0.064270802,0.10747083369642496,9.662821857674608,-0.761550654,-0.852997718,-102.2874814,82.94474853515625,-25.06611952,0.010713320637408357,0.046688702,0.048810514325920776,0.031329415541572064,0.033526118262670934,0.047986752,-30.625,-0.245390103,-0.116428897,0.022097055728618916,9.662821857674608,-0.761550654,-0.852997718,29.42822266,0.9080198407173157,4.233404159545898,3.9000000953674316,1.545389175415039,349.77301025390625,154.29998779296875,-86.9104432,40.4261043,-39.16736736,57.144920921325685,1.9937239544838667,Campus
51,-0.061318796,0.06508533,-0.00135041,0.9956283158468968,0.13021513407380836,0.010995838021434555,0.12244798879600266,9.659563634002094,-0.183710122,-1.294458965,-104.1598161,78.69426856994629,-22.94429558,-0.015229667,-0.03277077,-0.005376048,0.005386427,-0.045918813,-0.006191501,-20.22222222,-0.168164952,-0.073820598,-0.007231948,9.659563634002094,-0.183710122,-1.294458965,28.19050407409668,0.8709190487861633,4.2434821128845215,3.9000000953674316,1.5873010158538818,358.57781982421875,154.29998779296875,-86.9104445,40.4261187,-41.04018902,52.894440994262695,4.115791902542115,Campus
52,-0.092363123,0.013647926837664767,-0.021953233,0.9949097685443545,0.023111905005774053,0.046130716999612964,0.18447309197152703,9.739034999921484,-0.615428758,-0.236096676,-103.1119576,80.71007438659667,-28.27276747,-0.154289344,-0.067046417,0.033575843,-0.133673248,-0.080197424,0.032760391,-19.625,-0.174492077,-0.156803115,-0.006717032,9.739034999921484,-0.615428758,-0.236096676,28.80896568,0.8514693379402161,4.253479957580566,3.9000000953674316,1.5473284721374512,357.2486572265625,154.29998779296875,-86.9104425,40.4261328,-39.99184326,54.91000278,-1.212801976,Campus
53,-0.082621076,0.005461282,-0.016803794,0.9958134773865487,0.008899715,0.034612389,0.165538948,10.08451913166972,-0.406846636,-0.12465909,-103.0919501,80.53707901000976,-29.07845547,0.04672092,0.017201577231866643,-0.022851913,0.067337015,0.004052052,-0.023651058,-21.22222222,0.1826065998632931,-0.063574075,-0.036466499,10.08451913166972,-0.406846636,-0.12465909,22.099952697753906,0.7424957752227783,1.4751871824264526,3.9000000953674316,1.5212600231170654,343.3877868652344,155.6999969482422,-86.9104446,40.4261466,-39.97146912,54.737495002746584,-2.018123953,Campus
54,-0.101619851,-0.002877884,-0.011723289,0.9945689451347277,-0.007903879,0.022845322381506123,0.2037436117246313,9.948186049094566,-0.289105895,-0.003223986,-103.4034157,80.70421882629394,-30.96725941,-0.11842134,0.001043778,0.038646467843825374,-0.097805245,-0.012102781,0.037836947,-22,0.006301695,-0.065205649,-0.083409496,9.948186049094566,-0.289105895,-0.003223986,32.816619873046875,0.9940322041511536,1.485312819480896,3.9000000953674316,1.5030025243759155,335.7145690917969,155.6999969482422,-86.9104518,40.4261595,-40.28366718,54.904391021728514,-3.907415922,Campus
55,-0.106155,0.005193521,-0.016813933,0.9934655914028871,0.00656189,0.034805084,0.21261251703338716,10.082637328546024,-0.249640517,-0.051593787,-103.5998358,81.15415466308593,-31.53785341,0.06081192,-0.015856825,-0.00116832,0.081432464,-0.029004867,-0.001968944,-23.66666667,0.15930003101385912,0.10083266586354635,-0.003707957,10.082637328546024,-0.249640517,-0.051593787,26.73872184753418,0.8514693379402161,1.4951796531677246,3.9000000953674316,1.6421092748641968,351.7318115234375,155.6999969482422,-86.9104564,40.4261736,-40.47935532,55.35359489440918,-4.477887907,Campus
56,-0.105193184,0.00235686,-0.012124787,0.9941314435699611,0.002263619,0.024662254188459555,0.21072375557376344,10.170341315778714,-0.451363595,-0.047356981,-104.2260621,79.40870018005371,-31.50113146,-0.160907842,0.047051547,-0.021029751,-0.140291749,0.033894608348825024,-0.021836307,-16.625,0.2559018135070801,-0.199007136,-0.011563327,10.170341315778714,-0.451363595,-0.047356981,31.06206512451172,0.9381364583969116,1.5051294565200806,3.9000000953674316,1.5341423749923706,347.81427001953125,155.6999969482422,-86.9104594,40.4261877,-41.10655727,53.60814098358154,-4.441043911,Campus
57,-0.109310964,0.013722467918536124,-0.008524024,0.9935382922876228,0.025170051769095755,0.020245012622643083,0.21880786063022983,9.850559697567839,-0.272909557,-0.275563728,-104.2518042,78.83859451293945,-30.39324936,0.012572778411462758,0.049560171,0.005417563,0.033188874,0.036397303637112625,0.004613973,-28.11111111,-0.073885112,-0.069678018,-0.027393716,9.850559697567839,-0.272909557,-0.275563728,33.460968017578125,1.024158239364624,1.515307068824768,3.878000020980835,1.522162914276123,342.1827697753906,155.6999969482422,-86.9104653,40.4262004,-41.1316893,53.03888908,-3.333527926,Campus
58,-0.113205051,0.012842431472808339,-0.001232553,0.9932761100622324,0.025394527,0.005579347,0.22699461189600137,9.94288082,-0.125115006,-0.232742658,-104.4173581,77.37154434204102,-30.39056528,-0.04806898,0.070638024,0.010261058984234786,-0.027452885,0.057478377,0.009468133,-20.66666667,0.019764382105607253,-0.080065173,0.029830720490561083,9.94288082,-0.125115006,-0.232742658,28.122514724731445,0.8598255515098572,1.5252056121826172,3.8559999465942383,1.5874614715576172,356.8162536621094,155.6999969482422,-86.9104682,40.4262139,-41.29748722,51.571473121643066,-3.330599933,Campus
59,-0.118972064,0.030594542369391155,9.106388134719099E-4,0.9922559417567207,0.061023167940308744,0.005598799,0.23844831617711817,9.739595455,-0.113592288,-0.66627914,-103.9672996,77.36044242858887,-28.91302345,-0.055023698,3.662110279196674E-4,-0.031655824,-0.034407604,-0.012790727,-0.032452,-25.5,-0.160610592,-0.057503466,-0.06139765,9.739595455,-0.113592288,-0.66627914,27.51447868347168,0.8514693379402161,1.2338534593582153,3.862999916,1.6223199367523193,2.1696290969848633,155.59999084472656,-86.9104681,40.4262285,-40.84633125,51.56024906158447,-1.853057952,Campus
60,-0.118004227,0.015477095403749771,2.513488529146043E-4,0.9926129469593752,0.030581060289566347,0.003331621,0.2363698472386425,9.739081489229665,-0.117962665,-0.298887939,-103.8688462,77.97800636291504,-30.40422939,-0.026877279,-0.041628054,0.040373742494515134,-0.006261185,-0.054767201,0.039568669,-29.55555556,-0.189234752,-0.084735548,0.004860334,9.739081489229665,-0.117962665,-0.298887939,29.777732849121094,0.8598255515098572,1.2437890768051147,3.8559999465942383,1.519257664680481,0.31608468294143677,155.59999084472656,-86.9104682,40.4262421,-40.74958523,52.17854484558106,-3.34401994,Campus
61,-0.135297973,0.002918671,-0.008315496,0.9904953096676798,0.003434636,0.017072972,0.27140752406953605,9.890563946325802,-0.0268757,-0.086156133,-103.6798682,79.01805595,-32.44077538,-0.089302311,-9.76E-04,-0.017920656,-0.068686215,-0.014119171,-0.018716835,-40.125,-0.0337106,0.1430640393524494,-0.051959388,9.890563946325802,-0.0268757,-0.086156133,32.1003418,0.9708244204521179,1.2538082599639893,3.8559999465942383,1.531224250793457,349.14630126953125,155.59999084472656,-86.910472,40.4262552,-40.5595092,53.21737506866455,-5.380565898,Campus
62,-0.147742826,0.009625583,-0.007510491,0.9887678536396582,0.016959488992319326,0.017880936221895485,0.29651317521206383,10.00318930699275,-0.250018331,-0.253460889,-103.6110601,79.40113609313966,-32.79750351,0.005740777,0.03815275,0.038591609,0.026356873640483156,0.024998777,0.037789502488539635,-38.66666667,0.064193263,-0.074757631,-0.093493487,10.00318930699275,-0.250018331,-0.253460889,29.69897461,0.8736703991889954,1.263749122619629,3.8450000286102295,1.5267584323883057,357.6239929199219,155.59999084472656,-86.9104744,40.4262684,-40.49082325,53.60130893707275,-5.737781892,Campus
63,-0.113747029,0.009584128,0.002974585,0.9931509946156474,0.020076404515545345,-0.003719337,0.22810781276920467,9.820814929,0.025876752,-0.210675836,-104.4754301,78.30630851745606,-31.4794154,-0.004103945,0.012620224,-0.003874136,0.016515116102753875,-5.14E-04,-0.004673278,-37.625,-0.106344941,-0.012530456,0.001729102,9.820814929,0.025876752,-0.210675836,30.328235626220703,0.8514693379402161,1.273810863494873,3.878000020980835,1.4697678089141846,354.51995849609375,155.59999084472656,-86.910475,40.4262812,-41.35494953,52.5063591,-4.419327912,Campus
64,-0.114741816,0.006098051,0.016247655,0.9930005848986431,0.015817982340115687,-0.030760787,0.23013499798705278,9.792644084078594,0.29686391577395854,-0.262409012,-105.8307281,76.36016456604004,-32.24350128,0.034658169355785966,0.014501691651779218,-0.009343591,0.055274263,0.001359581,-0.010141251,-42.44444444,-0.122652656,-0.003442641,-0.113641519,9.792644084078594,0.29686391577395854,-0.262409012,27.24466323852539,0.8459905385971069,2.066821575164795,3.881000042,1.6135739088058472,359.32244873046875,155.59999084472656,-86.9104743,40.4262973,-42.7107349,50.56070313,-5.183535883,Campus
65,-0.115790592,0.022099457028462072,-0.005615556,0.992843035,0.042739919,0.016385637,0.23185904714667682,10.261390505485164,-0.127502017,-0.390451157,-104.5649781,77.93896652,-31.0437534,-0.072483254,0.049233993,-4.31E-04,-0.05186716,0.036088915,-0.001221694,-45.25,0.33914895196562833,0.030203360508114677,0.044942569,10.261390505485164,-0.127502017,-0.390451157,29.551700592041016,0.8514693379402161,2.0768778324127197,3.878000020980835,1.5185480117797852,359.9176025390625,155.59999084472656,-86.9104729,40.4263131,-41.44474102,52.138894958496095,-3.983909929,Campus
66,-0.107924705,0.017892052724234348,0.012078643403163789,0.9937129450532106,0.038210136,-0.019838977,0.21674297033594206,9.833063607076996,0.17983049247413874,-0.486515436,-104.7978756,76.27757019042969,-30.73753338,0.027781802654946938,0.033136996,0.010852818431046147,0.048397896533760316,0.019993500587028954,0.010067232042694321,-46.77777778,-0.062130754,-0.015879631,-0.112265679,9.833063607076996,0.17983049247413874,-0.486515436,30.619033813476562,0.840595007,2.086836099624634,3.881000042,1.4444891214370728,1.7412065267562866,155.59999084472656,-86.9104689,40.4263283,-41.6781274,50.477376823425296,-3.677445917,Campus
67,-0.095707723,0.022057278506747147,0.006736386,0.9948469614519656,0.045135485,-0.009326345,0.19208189382136448,9.934462357,0.026422683068198487,-0.401427942,-104.6411057,76.95381629943847,-29.85413136,-0.047669808,-0.036978498,-0.041931995,-0.027053714,-0.050117645,-0.042723725,-47,0.008384945,-0.065860446,0.047154888,9.934462357,0.026422683068198487,-0.401427942,26.821170806884766,0.840595007,2.096903085708618,3.9000000953674316,1.628172516822815,358.4533996582031,155.59999084472656,-86.9104689,40.4263459,-41.5209911,51.15313507080078,-2.794043939,Campus
68,-0.117452777,0.002392126,0.001584015,0.9928997089561907,0.005353869,-0.00259431,0.2354853710213911,10.000456661853976,0.057125736,-0.186117464,-104.132244,77.92274055480956,-32.77212736,0.003107612,0.015545469536943343,0.00714632,0.023723705,0.002403358,0.006333833,-42.55555556,0.069158086,0.03192792,-0.133134919,10.000456661853976,0.057125736,-0.186117464,29.793865203857422,0.8514693379402161,2.106750726699829,3.9000000953674316,1.513097882270813,358.0756530761719,155.59999084472656,-86.9104691,40.4263621,-41.01225128,52.12242504119873,-5.712405877,Campus
69,-0.109563187,-0.001643644,0.001336497,0.9938047435677168,-0.002866054,-0.002946902,0.21960976835593438,10.076966017195321,0.025133351460822576,-0.035715202,-103.9703501,77.91712807,-33.55012123,0.003843001,-0.013890844,-0.005988379,0.024459094894163817,-0.027024061,-0.006784556,-37.77777778,0.15532013976458206,-0.003788563,-0.063960714,10.076966017195321,0.025133351460822576,-0.035715202,30.471986770629883,0.8459905385971069,1.4350016117095947,3.9000000953674316,1.451552391052246,359.7372741699219,155.5,-86.9104693,40.4263767,-40.84901527,52.11669109344482,-6.490155902,Campus
70,-0.094746798,0.004614215,0.008926828,0.9952963029296653,0.010939910774202836,-0.016739434,0.1899019339420263,9.958099557803227,0.15439170205858177,-0.055083812,-103.5981279,77.07362060546875,-32.94719742,-0.027031473,0.006975816,5.97503603644018E-4,-0.006415379,-0.006160364,-2.02E-04,-46.875,0.051153331,-0.008492487,0.059930223,9.958099557803227,0.15439170205858177,-0.055083812,28.79210854,0.8570297360420227,1.4448628425598145,3.9000000953674316,1.526444435119629,358.23724365234375,155.5,-86.9104685,40.4263915,-40.47776939,51.27330490112305,-5.887231894,Campus
71,-0.127877133,-0.0010197,-0.007868041,0.9914247520918985,-0.004263413,0.015354449,0.25653829997025646,9.853483903755262,-0.151848406,-0.062698341,-102.7026482,78.70134452819825,-35.18906937,-0.068391172,-0.018172707,-0.073037763,-0.047775075,-0.031305922,-0.07383542,-45,-0.065306048,0.001705591,-0.098947644,9.853483903755262,-0.151848406,-0.062698341,29.513080596923828,0.8626703023910522,1.4548622369766235,3.9000000953674316,1.5041402578353882,2.351393938064575,155.5,-86.9104672,40.4264061,-39.58289921,52.90212692260742,-8.128615818,Campus
72,-0.129503461,2.1696457920414598E-4,-0.025157503,0.9908460598547482,-0.005732458,0.050422142,0.2602096807609484,9.957118696,-0.45680552,0.11660654490216843,-102.1649943,80.68799263000489,-35.68646328,-0.019891085,-0.010959668,-0.001997115,7.250099804577897E-4,-0.02411809,-0.002799221,-39.375,0.041045916,0.04663785,0.050840471,9.957118696,-0.45680552,0.11660654490216843,31.497102737426758,0.9220086932182312,1.464884638786316,3.9000000953674316,1.460571527481079,0.3682674467563629,155.5,-86.9104649,40.4264214,-39.04536701,54.88755512237549,-8.626131802,Campus
73,-0.126621442,-0.013327312,-0.025262977,0.9913132838832522,-0.032690075,0.046784761,0.25476391092666145,9.941884790809409,-0.519338343,0.26920706901735475,-102.4459599,80.04639465,-36.16787521,0.017934001647659296,0.006891306,0.017155615742277645,0.038550095,-0.006255253,0.016344611573675016,-39.11111111,0.007400906,-0.046418764,-0.061373432,9.941884790809409,-0.519338343,0.26920706901735475,27.62467384338379,0.8459905385971069,1.4749469757080078,3.9000000953674316,1.5885422229766846,3.5586657524108887,155.5,-86.9104632,40.4264381,-39.32560108,54.247420959472656,-9.108031859,Campus
74,-0.11160626,-0.017150466,-0.003480822,0.9934874987139285,-0.034791661,0.00310523,0.22378616686006195,9.808766610414079,-0.082264893,0.2660388989572965,-103.7497736,77.33677444458007,-34.40302319,-0.011362945,-5.35E-04,0.036010334,0.009253149,-0.013680309,0.035203779866756164,-43.5,-0.10943523,-0.065660952,-0.068130168,9.808766610414079,-0.082264893,0.2660388989572965,31.529720306396484,0.8626703023910522,1.3810579776763916,3.9000000953674316,1.4194070100784302,353.7640075683594,154.59999084472656,-86.9104639,40.4264535,-40.62965942,51.537435150146486,-7.342935829,Campus
75,-0.087233641,-0.012922616,-0.016877621,0.9956434174225881,-0.028630783,0.031461387,0.17504087104820287,9.885357245658208,-0.326733546,0.20086352252265782,-102.9150498,79.46250228881836,-33.61624531,0.032010746,0.062316699,-0.04527171,0.052626841,0.049161458251406796,-0.046060232,-43.77777778,-0.0442809,-0.007709479,-0.093483229,9.885357245658208,-0.326733546,0.20086352252265782,31.13340187072754,0.8962700366973877,1.3911123275756836,3.9000000953674316,1.4453948736190796,353.10711669921875,154.59999084472656,-86.9104656,40.4264674,-39.79639946,53.663040771484376,-6.556157894,Campus
76,-0.081900069,0.008254301,-0.014433483,0.9962487272845889,0.01426103,0.030312886061508535,0.1639580647054228,9.921086987,-0.270505112,-0.22619434,-103.0516901,80.17046905517579,-32.25265162,-0.023176613,0.03951826,0.046824705,-0.002560519,0.026374665070867654,0.046021114,-44.25,-0.004607687,0.030958263330089237,-0.084279323,9.921086987,-0.270505112,-0.22619434,29.658931732177734,0.840595007,1.401023030281067,3.878000020980835,1.4813520908355713,0.8334711194038391,154.59999084472656,-86.9104656,40.4264812,-39.9310873,54.369909057617186,-5.192685888,Campus
77,-0.071113405,0.013759629112030877,-0.014695154,0.9971158944287346,0.025346985,0.031306548236792416,0.1419193067596954,9.839063095814973,-0.270981358,-0.168650437,-102.505496,78.78820846557618,-30.96799131,-0.058451559,-0.005714089,-0.040161725,-0.037835464,-0.018851755,-0.040956419,-44.88888889,-0.074633001,0.040317219,0.082283953,9.839063095814973,-0.270981358,-0.168650437,31.34224510192871,0.9300537705421448,1.411051869392395,3.878000020980835,1.4713878631591797,355.85906982421875,154.59999084472656,-86.910466,40.4264946,-39.38611317,52.988380928039554,-3.907903922,Campus
78,-0.095172776,0.00210913,-0.009223955,0.9952495103900872,0.00258492,0.018804507443649712,0.19070368281845906,9.748879279905152,-0.153027397,-0.100527593,-101.8027763,80.62674835205078,-33.14715515,-0.030957502,-0.015414998,0.025732683,-0.010341408,-0.028554144,0.024932057,-51.25,-0.17643867,0.033906415,-0.074900817,9.748879279905152,-0.153027397,-0.100527593,29.988948822021484,0.8514693379402161,1.4210151433944702,3.881000042,1.4784400463104248,356.84368896484375,154.59999084472656,-86.9104672,40.4265075,-38.6835154,54.82655487060547,-6.087189884,Campus
79,-0.096942411,0.001098222,-0.01464932,0.9949119102607653,-2.98E-04,0.029459788,0.19420658833193546,9.836321551,-0.217542667,-0.081617684,-105.3217443,80.49938056945801,-33.96516537,-0.001091223,0.00900555,-0.024825306,0.019524871900641512,-0.004132114,-0.025608141,-50.55555556,-0.050141441,0.066810507,-0.082407403,9.836321551,-0.217542667,-0.081617684,28.708057403564453,0.840595007,1.1588773727416992,3.878000020980835,1.5306565761566162,351.75115966796875,154.59999084472656,-86.9104702,40.4265224,-42.20211723,54.70004093170166,-6.905199852,Campus
80,-0.076473848,0.007188901,-0.03100591,0.9963694064362535,0.009676582,0.063085052,0.15276740809667458,9.858995553359245,-0.636316583,-0.173328634,-103.5482301,80.63004257202148,-31.67607935,-0.035357974,0.036711623499427644,0.018974814,-0.014737432,0.023563580738394114,0.018171223956476718,-46,-0.069780873,-0.004677567,-0.070814438,9.858995553359245,-0.636316583,-0.173328634,31.708356857299805,0.9381364583969116,1.1689016819000244,3.878000020980835,1.4898545742034912,350.27569580078125,154.59999084472656,-86.9104741,40.4265366,-40.42811535,54.82972690582275,-4.615869923,Campus
81,-0.089593869,0.012069978645846736,-0.00929337,0.9957316569911624,0.02234951,0.020846468853669295,0.17917739259965212,9.928291607828973,-0.229019838,-0.203485753,-104.62244,79.69552230834961,-30.78218536,-0.035761253,-0.001771754,0.043429461502225944,-0.015145157,-0.014913865,0.042616975,-46.66666667,-0.010421461,-0.025188565,0.013488481490357408,9.928291607828973,-0.229019838,-0.203485753,31.686988830566406,0.8459905385971069,1.1787657737731934,3.881000042,1.3935856819152832,359.51910400390625,154.59999084472656,-86.9104725,40.4265496,-41.50256935,53.89557300567627,-3.722097938,Campus
82,-0.078967531,0.003868032,-0.005773009,0.9965375875963748,0.00690746,0.012369327178197794,0.1580700343384326,9.996974894144003,-0.061650027,-0.11320897,-105.9412597,79.30341461181641,-31.31776548,0.023864557600390274,0.019103802953060103,-0.002077177,0.044482134,0.005961693,-0.00288225,-44.75,0.059872461,0.063522412,-0.050670978,9.996974894144003,-0.061650027,-0.11320897,28.02504539489746,0.840595007,1.1887754201889038,3.9000000953674316,1.5516555309295654,358.2130432128906,154.59999084472656,-86.9104697,40.4265638,-42.82126705,53.50370895385742,-4.257677898,Campus
83,-0.064915372,0.00591577,-7.77E-04,0.9977002218365669,0.011892882,0.002398218,0.12991886206257802,9.925718682483563,-0.026483671,-0.26799904,-106.411814,76.76471633911133,-30.3310294,-0.043417143,0.00340518,0.012600194161327986,-0.022796643,-0.009738315,0.011782303559952058,-39.77777778,0.024404759590442363,0.001056144,-0.145536827,9.925718682483563,-0.026483671,-0.26799904,33.26080322265625,1.0290286540985107,1.198810338973999,3.9000000953674316,1.5501384735107422,343.3237305,154.59999084472656,-86.9104722,40.4265794,-43.29157711,50.96452278137207,-3.271185923,Campus
84,-0.070836025,-0.003675207,-0.012685351,0.9971832505707602,-0.009042164,0.024971727,0.14186738105942903,9.939370021,-0.170485713,0.003054918,-104.5138602,79.19300461,-31.15355343,-0.031123558,-0.022574662,-0.043548072,-0.010507462,-0.035718255,-0.044348698,-41.88888889,0.026211915,0.077875039,-0.086386284,9.939370021,-0.170485713,0.003054918,27.94521141052246,0.8626703023910522,1.8524113893508911,3.9000000953674316,1.5796706676483154,354.3791198730469,154.59999084472656,-86.9104757,40.4265956,-41.3943552,53.394153099060055,-4.093587928,Campus
85,-0.058314381,-0.009137204,-0.022363009,0.9976605136417648,-0.02064401,0.043895063,0.1171579714683653,10.150005155396693,-0.434230516,0.2857680711488339,-104.9687979,78.63790420532227,-31.61495729,0.018740555963216766,-0.006559195,-0.015996191,0.0393611,-0.019705755,-0.016795333,-46.125,0.23856367648226542,0.001939225,0.081307522,10.150005155396693,-0.434230516,0.2857680711488339,34.33683395385742,1.0264989137649536,1.8624149560928345,3.9000000953674316,1.5180470943450928,351.66558837890625,154.59999084472656,-86.9104765,40.4266115,-41.8484391,52.83734497070313,-4.554869907,Campus
86,-0.055668734,-0.011947339,-0.010911742,0.9981316258606402,-0.024783928,0.020388982380238514,0.11164810725496811,10.005654672974522,-0.274643187,0.2744950879618381,-102.454134,78.2667807,-31.55920341,-0.077144672,0.047161264114479705,0.018291318,-0.056528576,0.034025082,0.017483279,-47.22222222,0.078429634,-0.071413105,0.02818045,10.005654672974522,-0.274643187,0.2744950879618381,34.10277557373047,1.0322790145874023,1.8723359107971191,3.9000000953674316,1.511581540107727,343.7402344,154.59999084472656,-86.9104799,40.4266267,-39.33389729,52.46622112,-4.499359903,Campus
87,-0.068038618,-0.007537272,-0.008952393,0.9974896942527549,-0.016215807,0.016866217,0.1363619863986969,9.895776872451489,-0.12329651,0.21730108304361168,-104.6647744,78.76271041870118,-32.0989312,-0.01130364,0.039407062158892746,-0.031752197,0.009312455,0.026267915,-0.03254689,-46.5,-0.046889851,0.058470149,0.053539901,9.895776872451489,-0.12329651,0.21730108304361168,28.10647201538086,0.8823264837265015,1.882308006286621,3.9000000953674316,1.5811229944229126,355.3394470214844,154.59999084472656,-86.91048,40.4266425,-41.54453709,52.962760848999025,-5.038965888,Campus
88,-0.075457875,-0.012975262,-0.008465501,0.996885936,-0.027066641,0.014948972046784423,0.15120682214359635,9.887590389807247,-0.347792701,0.1490954988753622,-102.739126,77.63103851,-32.46798134,-0.05045717,0.010882570445017654,0.014910899238317336,-0.029841075,-0.002258059,0.014102864205764913,-46.55555556,0.003353744,-0.209555922,-0.114569754,9.887590389807247,-0.347792701,0.1490954988753622,29.628719329833984,0.9021086692810059,1.8923194408416748,3.9000000953674316,1.547908902168274,359.3554992675781,154.59999084472656,-86.9104776,40.4266596,-39.61925522,51.83121105194092,-5.408137875,Campus
89,-0.055779148,-0.006980998,-0.013643799,0.9980153059496463,-0.015124727,0.026596988287830085,0.11185530399523892,9.637671044729288,-0.224817884,0.1934498359349746,-102.4269282,80.69397048950195,-31.26274345,0.024137363475250098,0.001504878,0.004570976,0.044756421,-0.011628337,0.003759972,-44.625,-0.259415451,0.032563222,0.038544372248562796,9.637671044729288,-0.224817884,0.1934498359349746,29.496957778930664,0.8459905385971069,1.079848289489746,3.9000000953674316,1.507808804512024,355.6266784667969,154.59999084472656,-86.9104765,40.4266754,-39.30742325,54.89414302825928,-4.202899914,Campus
90,-0.058819159,-0.021803554,-0.019337876,0.9976118259059573,-0.045706781,0.03624757,0.11862394792362324,9.877153711411559,-0.296376056,0.30464930364916337,-105.0235761,81.35033081054688,-32.77005337,-0.026106307,-0.011560132,0.009975194,-0.005490211,-0.024711143,0.00916864,-45,-0.042437919,0.058286902,-0.149485085,9.877153711411559,-0.296376056,0.30464930364916337,29.59057617,0.949999988,1.0899251699447632,3.9000000953674316,1.5689582824707031,340.6219177246094,154.59999084472656,-86.9104806,40.4266899,-41.90407112,55.55025894165039,-5.709843874,Campus
91,-0.049309396,-0.024516772,-0.019232721,0.9978578199560826,-0.050476749,0.035839533,0.09964649,9.863665099282867,-0.351233841,0.5691752658308669,-105.3657863,80.35810447692872,-32.46859144,-0.042042738,-0.003397837,-0.007755998,-0.021425174,-0.016551611,-0.008575355,-52.125,-0.07402631,0.017457571,0.06959049,9.863665099282867,-0.351233841,0.5691752658308669,30.472932815551758,0.840595007,1.0997577905654907,3.9000000953674316,1.4449422359466553,359.8585205078125,154.59999084472656,-86.9104817,40.4267038,-42.24554909,54.55778873443604,-5.408625882,Campus
92,-0.073719049,-0.023906981,-0.016904137,0.9964915247796808,-0.049935503,0.030451852101516158,0.14852919812920024,9.915360455374115,-0.262679073,0.47950830067806305,-105.7356898,79.71980010986329,-33.47692127,-0.048654281,0.068921956,-0.002920799,-0.028038185,0.055766498,-0.00372439,-52.66666667,0.005572287,0.040211348,-0.015779267,9.915360455374115,-0.262679073,0.47950830067806305,29.541200637817383,0.8823264837265015,1.1098008155822754,3.9000000953674316,1.5077403783798218,358.2880554199219,154.59999084472656,-86.9104778,40.4267179,-42.61569729,53.91936287,-6.416955886,Campus
93,-0.06521985,-0.018193647,-0.018392345,0.9970830794676994,-0.038523943,0.03446879,0.13123133178185492,9.996150141780817,-0.336943689,0.4710492025111413,-105.085673,78.19297050476074,-32.43857943,-0.044597782,-0.001106049,-0.005168479,-0.023981685,-0.014249642,-0.005978001,-49.5,0.081050081,0.006192166,0.089108676,9.996150141780817,-0.336943689,0.4710492025111413,30.111841201782227,0.8514693379402161,1.1197584867477417,3.9000000953674316,1.467789649963379,358.9244689941406,154.59999084472656,-86.9104761,40.4267319,-41.96568119,52.392167015075685,-5.378735905,Campus
94,-0.066533994,-0.026861896,-0.008477611,0.9972181522730484,-0.054714685,0.013328329629481779,0.13359774367033855,9.928526795026167,-0.187662341,0.38778537216351044,-102.2573482,76.74788063049317,-32.44187332,0.071558088,0.009417723,1.4381496986211505E-4,0.092177146,-0.003728838,-6.64E-04,-50.11111111,0.018999118249393203,-0.054543704,-0.154896022,9.928526795026167,-0.187662341,0.38778537216351044,28.14200210571289,0.840595007,1.2390910387039185,3.9000000953674316,1.5627049207687378,2.4958293437957764,154.5,-86.9104742,40.4267462,-39.13808727,50.94756500244141,-5.381785879,Campus
95,-0.046240415,-0.021555059,-0.011239415,0.9982240211616442,-0.043654319,0.020660818525639734,0.093042396,9.992220310064463,-0.152456163,0.39925338686085665,-102.7962221,80.67554885864257,-31.0581493,-0.077097227,-0.003175812,1.245404444454075E-4,-0.056481132,-0.016313476,-6.88E-04,-46.22222222,0.045669287,0.047507250048581834,-0.022796318,9.992220310064463,-0.152456163,0.39925338686085665,29.87570571899414,0.8962700366973877,1.249221920967102,3.9000000953674316,1.5269005298614502,359.5054016113281,154.5,-86.9104738,40.4267603,-39.67610722,54.87559913635254,-3.997939925,Campus
96,-0.070562991,-0.025870336,-0.002412222,0.9968443813833218,-0.051660424,0.001457432,0.14146729023421853,10.173477515433598,-0.10303076,0.5140735538115779,-105.4195878,79.19654251098633,-32.98135735,0.023010556454978234,0.011941174944880808,-0.04904125,0.043626652,-0.001214282,-0.049840392,-47.625,0.2582137654128584,-0.062915366,-0.010135074,10.173477515433598,-0.10303076,0.5140735538115779,29.146711349487305,0.8570297360420227,1.2590488195419312,3.9000000953674316,1.5209779739379883,1.6521457433700562,154.5,-86.910474,40.4267739,-42.29959538,53.39708084106445,-5.92078186,Campus
97,-0.041409973,0.003214119,-9.64E-04,0.9979987838893261,0.006436706,0.001947191,0.084299144,9.936669391335792,-0.205024825,-0.328014172,-105.324184,78.93107109069824,-29.81240728,0.13958156457876117,0.094967475,0.017667126,0.16020358886425068,0.08180164,0.016842779,-50.88888889,0.06206605,-0.199927903,-0.245821354,9.936669391335792,-0.205024825,-0.328014172,29.732168197631836,0.8765842914581299,1.269022822380066,3.9000000953674316,1.511697769165039,0.238178551,154.5,-86.9104731,40.4267874,-42.20455711,53.13075516,-2.752807925,Campus
98,0.056950159,-0.010911648,-0.007180476,0.9978287451475569,-0.020597754,0.015530108,-0.114053119,9.906549972237892,0.053992419096740706,-0.133452128,-107.3952563,79.53143218994141,-27.28456749,0.09624106,-0.113783646,-0.030235456,0.11686308667497727,-0.126930205,-0.03104053,-50.125,0.010940199916802564,0.20323921183069932,-0.343211615,9.906549972237892,0.053992419096740706,-0.133452128,28.87932777404785,0.8765842914581299,1.2790879011154175,3.9000000953674316,1.5414999723434448,349.6690979003906,154.5,-86.9104743,40.4268033,-44.27501911,53.73087284088135,-0.224480001,Campus
99,0.13713972900922483,-0.035886408,-0.023117596,0.9892452456630193,-0.064957881,0.055461274,-0.273685118,9.841586566665798,-0.620638374,0.10898377985051534,-106.4767178,77.39350418090821,-27.41730345,0.22998399169255906,0.010476911100200735,0.00538456,0.25060008887577656,-0.002678331,0.004581354,-39.66666667,-0.076531433,-0.063403924,-0.544528141,9.841586566665798,-0.620638374,0.10898377985051534,28.13014793395996,0.8321658372879028,1.3138266801834106,3.9000000953674316,1.5542597770690918,330.9515380859375,154.5,-86.9104816,40.4268176,-43.35684715,51.593555297851566,-0.357094,Campus
100,0.2933344855470565,-0.015578822,-0.007153414,0.9542412260203685,-0.025692088,0.021931785,-0.596118747,9.919382414771515,-0.344348665,0.068076387,-105.9113702,71.04279510498047,-20.89005962,0.41632502573515173,0.04163547,-0.019671654,0.436944085,0.028485942080399944,-0.020472279,-46.75,-0.00152487,-0.126108423,-0.187007867,9.919382414771515,-0.344348665,0.068076387,26.205759048461914,0.840595007,1.3236767053604126,3.9000000953674316,1.6616199016571045,311.1052246,154.5,-86.9104958,40.4268298,-42.79101124,45.24333324432373,6.170515862,Campus
101,0.42836486049068784,0.001715126,-0.011212452,0.9032386992741557,0.012830584269588885,0.018892083528397368,-0.885678983,9.845521375970932,-0.201720174,0.096534713,-105.7489882,65.39370689392089,-14.90095768,0.10769889445396737,-0.014805631,0.059498301,0.1283149898178803,-0.027949228,0.058676918905264545,-47.44444444,-0.094817319,-0.013361954,0.22403493277656222,9.845521375970932,-0.201720174,0.096534713,25.463687896728516,0.840595007,1.333691120147705,3.9000000953674316,1.7314366102218628,300.6694030761719,154.5,-86.9105142,40.4268395,-42.62997124,39.59400119781494,12.159495763778686,Campus
102,0.4437889317864353,-0.008383423,0.002518817,0.8957215669085679,-0.01690678,0.003195151,-0.919935454,9.795617696150993,-0.132975895,0.3327417349605595,-105.9118579,63.0339827,-15.54548369,0.022666584,-0.01201234,0.015296386563879194,0.04328268,-0.025161865,0.014482418292211098,-46.5,-0.144849856,-0.100926815,0.1648572101393371,9.795617696150993,-0.132975895,0.3327417349605595,26.72700309753418,0.840595007,1.3437647819519043,3.9000000953674316,1.669968843460083,298.37908935546875,154.5,-86.910532,40.4268469,-42.79088932,37.23378952026367,11.514847803115845,Campus
103,0.45853709509071794,-0.022558801,0.007295253,0.8877264660538979,-0.046336256,0.007805853,-0.953446432,9.796848576802473,-0.129968807,0.392768032,-105.7159258,62.32967678070068,-16.26564972,0.048203558,0.00216317,1.6902018682036585E-4,0.068825585,-0.010987839,-6.40E-04,-44.88888889,-0.109927187,-0.058865994,-0.060091041,9.796848576802473,-0.129968807,0.392768032,27.836503982543945,0.840595007,1.353691577911377,3.9000000953674316,1.6013232469558716,297.1921691894531,154.5,-86.9105479,40.4268531,-42.59617744,36.529605331420896,10.794193782806396,Campus
104,0.47161648371844617,-0.01265058,-0.010409378,0.8812301668148597,-0.012396773,0.030802361,-0.982662077,9.838287719245097,-0.30372005,0.33794845049766803,-103.7081715,62.00308292388916,-13.43354179,-0.1064772,0.074705731,-0.00577043,-0.085861107,0.061554724,-0.006582918,-44.77777778,-0.083277235,0.003719387,0.21613728830102577,9.838287719245097,-0.30372005,0.33794845049766803,26.982450485229492,0.8321658372879028,1.255344033241272,3.881000042,1.6334306001663208,293.5790100097656,156.09999084472656,-86.9105657,40.4268595,-40.58854523,36.20325527191162,13.62642375946045,Campus
105,0.34149975640681185,0.025015295615375382,-0.002076843,0.9368653442095785,0.047965899108427586,-0.011699528,-0.698921163,9.986334967381746,-0.110313772,0.517924137,-102.4066756,63.71608463287353,-13.19393373,-0.531615031,0.064149341,0.051343788,-0.510998936,0.050998332,0.050540198,-45,0.090537946,-0.223438823,0.9910192138072357,9.986334967381746,-0.110313772,0.517924137,31.188016891479492,0.972008228,1.2653875350952148,5.085000038146973,1.544654130935669,274.66827392578125,156.09999084472656,-86.9105841,40.4268632,-39.28704929,37.91613540649414,13.865787734985352,Campus
106,0.041571279,-0.002752153,-7.43E-04,0.995694781,-0.005394136,1.8387704124692286E-4,-0.083572596,9.976653298127998,-0.248118869,0.3198512753726603,-100.3159624,76.13251251220703,-27.31470156,-0.593340261,-0.069623243,0.027049266186190173,-0.572724162,-0.082759425,0.026236779400084204,-37,0.024883409,-0.243295043,0.2557396626696714,9.976653298127998,-0.248118869,0.3198512753726603,31.53418731689453,1.0140019655227661,1.275277018547058,5.893000126,1.5769710540771484,285.7680664,156.09999084472656,-86.9106018,40.4268651,-37.19560318,50.33280696868896,-0.254857972,Campus
107,-0.092372994,-0.041507887,0.006427068,0.9945188932693921,-0.081671736,-0.02029257,0.18437026283488825,9.898227339809381,0.2730808847773712,0.34996482522850764,-101.8122921,79.61646629333497,-34.64421745,0.006578354,-0.0121215,0.010145056365917508,0.027194449,-0.025267932,0.009338916,-29.44444444,0.017872829,0.068761543,-0.45411456,9.898227339809381,0.2730808847773712,0.34996482522850764,20.252470016479492,0.8544003963470459,1.2853184938430786,6.899000168,2.063472032546997,337.67181396484375,156.09999084472656,-86.9106137,40.4268768,-38.69156731,53.81663890838623,-7.584129848,Campus
108,0.010189129,-0.020484172,0.006526423,0.9988380201811929,-0.04010609,-0.012801553,-0.020704584,10.002262911750275,0.10337341872599988,0.11933912141519842,-103.3365596,77.31200874328613,-28.6122934,0.20409414907284443,0.044922478727598504,-0.022985351,0.2247146931250842,0.03177147,-0.023781531,-28.375,0.093632443,-0.023405266,-0.278301575,10.002262911750275,0.10337341872599988,0.11933912141519842,30.602327346801758,0.9102197289466858,1.295311689376831,7.499000072479248,1.6028803586959839,342.1719970703125,156.09999084472656,-86.9106144,40.4268956,-40.21632317,51.512059173583985,-1.552327954,Campus
109,0.047197189,-0.002332236,-0.011042561,0.9985670163793471,-0.003594541,0.022347617487663864,-0.09460928,10.00169669,-0.205027728,0.2278437584622207,-102.7499842,78.99390053,-25.67660755,-0.107675173,0.039767342,-0.041533167,-0.087059079,0.026623749,-0.042332308,-43.11111111,0.086235625,0.016825270522566674,0.19194619939888566,10.00169669,-0.205027728,0.2278437584622207,22.725608825683594,0.750732958,1.397383689880371,7.520999908447266,1.5717562437057495,322.4142761230469,154.89999389648438,-86.9106201,40.426909,-39.63023521,53.193707122802735,1.3837239746935666,Campus
110,-0.041548957,6.057313955343753E-4,6.652590622322959E-4,0.9986870913829619,0.001705027,-0.001317079,0.083109443,10.25084644613914,-0.223203303,0.17926423367818148,-104.3829542,80.20670258,-28.5608095,-0.233865542,0.033850131,0.060550976420291565,-0.213249447,0.020705053,0.05973256,-32.44444444,0.31844211782066567,-0.235821646,0.19627194746750073,10.25084644613914,-0.223203303,0.17926423367818148,28.126192092895508,0.8765842914581299,1.4073655605316162,6.899000168,1.575540304,340.8791504,154.89999389648438,-86.9106263,40.4269221,-41.26344898,54.40663082122803,-1.50120997,Campus
111,-0.11194546,-0.014732248,-8.99E-04,0.993098232,-0.029305582,-0.001552563,0.22508798771112867,9.75041002,-0.181106767,0.2074738299796501,-104.3208559,78.93082626342773,-32.61133144,-0.103796589,-0.003693254,-0.065144191,-0.083180495,-0.016847226,-0.065947782,-42.125,-0.188236625,-0.176170413,-0.084589127,9.75041002,-0.181106767,0.2074738299796501,27.69573402404785,0.8514693379402161,1.4173288345336914,5.085000038146973,1.5918601751327515,358.36529541015625,154.89999389648438,-86.9106244,40.4269369,-41.20000912,53.130510787963864,-5.550999897,Campus
112,-0.109271074,-0.006735166,-0.028840277,0.9931091214846639,-0.019526001,0.056167986207795374,0.21972313233949606,10.064461768252178,-0.647897386,0.065840376,-102.3916701,82.16968246,-32.81799936,0.047966337523160915,0.040108349,-0.0044835,0.068582433,0.026955860011388087,-0.005290056,-43.44444444,0.16123930921832336,-0.09229864,-0.122792193,10.064461768252178,-0.647897386,0.065840376,29.668262481689453,0.8905054926872253,1.4273991584777832,3.878000020980835,1.5409564971923828,1.5225744247436523,154.89999389648438,-86.910619,40.4269528,-39.27118923,56.369976921081545,-5.757911901,Campus
113,-0.078139606,0.002047176,-0.028312517,0.9962546698098044,7.928330562861853E-5,0.056711095,0.15643082667612335,9.645621994166698,-0.571780071,0.083458403,-102.142058,81.91738655090332,-30.64542341,0.014660333346539331,-0.014291158,-0.011073828,0.035276429,-0.027427338,-0.011884833,-31.125,-0.228666593,-0.020141305,0.069284579,9.645621994166698,-0.571780071,0.083458403,29.563451766967773,1.0290286540985107,1.4373215436935425,3.881000042,1.7059540748596191,337.7295227050781,154.89999389648438,-86.910622,40.4269699,-39.02255344,56.11670497894287,-3.58545794,Campus
114,-0.104018419,-0.013353325,-0.011717696,0.9939420836643108,-0.028643667,0.020317926,0.2087035101015591,9.684923454395776,-0.275273337,0.21985509778255397,-102.3905722,80.74728439331055,-32.87851133,-0.201128873,-0.020212818,0.072398743,-0.180512779,-0.033346033,0.071581811,-15.33333333,-0.23702003,-0.089146088,-0.055820637,9.684923454395776,-0.275273337,0.21985509778255397,22.78234100341797,0.7184010148048401,1.115513801574707,3.881000042,1.571624994277954,359.7453918457031,155.39999389648438,-86.9106239,40.4269875,-39.27033512,54.94599308013916,-5.818545897,Campus
115,-0.139628635,-0.03252463,-0.007566046,0.9894930795558448,-0.066449258,0.005996226,0.28051944033613485,9.861629421271166,-0.058063702,0.5983305288279809,-102.1299805,80.53854278564454,-36.79751728,-5.93E-05,0.016531426,0.015674459978540257,0.020556789583264335,0.003387831,0.014861973264770022,-6.25,-0.065598256,1.773822654798193E-4,-0.047437716,9.861629421271166,-0.058063702,0.5983305288279809,30.593090057373047,0.8570297360420227,1.125565767288208,3.9000000953674316,1.4593013525009155,350.6608581542969,155.39999389648438,-86.9106243,40.4270028,-39.00974323,54.737860984802246,-9.737795811,Campus
116,-0.104615594,-0.02823699,-0.004159819,0.9937908529089048,-0.056899396,0.002772094,0.209873964,9.961805621397149,-0.096616024,0.414594279,-102.409604,80.77827232,-35.30887314,0.049337664,0.021629279,-0.02522535,0.069953758,0.008469632,-0.026031491,-5.666666667,0.066847535,-0.058266249,-0.160017612,9.961805621397149,-0.096616024,0.414594279,31.483726501464844,1.0207840204238892,1.1355996131896973,3.9000000953674316,1.603053331375122,335.11798095703125,155.39999389648438,-86.9106304,40.4270173,-39.29022121,54.978688888549804,-8.249029822,Campus
117,-0.101725582,-0.005449413,-0.012637064,0.9943232501594765,-0.013000152,0.024334386217710786,0.20424802326461644,10.092493247059943,-0.242499801,0.1441907939473981,-102.5913842,83.04966835021973,-34.30383736,-0.01011753,0.093311366,-0.0174388,0.010498566783566787,0.080152945,-0.018254252,-15.25,0.17228016344088953,-4.96E-04,0.014967054273318318,10.092493247059943,-0.242499801,0.1441907939473981,26.252832412719727,0.8823264837265015,1.1454776525497437,3.9000000953674316,1.7042508125305176,352.47015380859375,155.39999389648438,-86.9106329,40.4270334,-39.47114712,57.248986892700195,-7.244115858,Campus
118,-0.115025502,0.007371848,0.005042239,0.9930322575337679,0.016059367,-0.008464707,0.23055756092071533,10.12388157613069,0.00257867,-0.3024975,-104.217522,80.29295639038087,-34.15219133,0.023164751,-0.01146673,0.015025063117206531,0.043780846,-0.024616255,0.014209611169559863,-34,0.19625942452439984,-0.080779966,-0.14338416,10.12388157613069,0.00257867,-0.3024975,28.656328201293945,0.9381364583969116,1.1554760932922363,3.9000000953674316,1.6641364097595215,341.2300720214844,155.39999389648438,-86.9106346,40.4270496,-41.09777332,54.49251895904541,-7.092347851,Campus
119,-0.092269482,0.001299668,0.008590218,0.9953392894522658,0.004568174,-0.016781949,0.18480448388648266,9.913011231468719,0.10421846271266491,0.011281693046822132,-104.0722205,78.29508422851562,-34.53429527,-0.035749389,0.003690291,-0.01650622,-0.015133297,-0.009457754,-0.017317223,-46.125,-0.008218214,-0.061892922,0.056355811,9.913011231468719,0.10421846271266491,0.011281693046822132,26.93468666,0.8514693379402161,1.0326178073883057,3.9000000953674316,1.6523364782333374,354.91558837890625,155.89999389648438,-86.9106344,40.4270655,-40.95247101,52.49489109039307,-7.474085855,Campus
120,-0.116899969,-0.004118241,0.008808689,0.9927034025053376,-0.005469455,-0.01837851,0.23440354686338924,9.811864174329317,0.20773267514596228,-0.004621713,-102.9801981,75.92889427185058,-35.56580547,-0.083122672,0.007269378,0.018808757314951276,-0.062506576,-0.005875697,0.017993306515069262,-43,-0.114394225,0.035870766,-0.059365072,9.811864174329317,0.20773267514596228,-0.004621713,31.535810470581055,1.0125709772109985,1.042716622,3.9000000953674316,1.6105612516403198,336.2440490722656,155.89999389648438,-86.9106374,40.427081,-39.86044918,50.12979881286621,-8.505839853,Campus
121,-0.128116091,-8.60E-04,0.026579530085284415,0.9909975042620909,0.005527717,-0.052879693,0.2573666646353249,10.035782772360497,0.3910725917124632,-0.111135578,-101.99883,72.78178268432617,-34.85222733,0.056209809,-0.013410469,0.007251587,0.076830353,-0.026561478,0.006428724,-42.88888889,0.13364940939597714,-0.13559856,-0.060346938,10.035782772360497,0.3910725917124632,-0.111135578,28.644241333007812,0.840595007,1.0525434017181396,3.9000000953674316,1.530784249305725,358.6112365722656,155.89999389648438,-86.9106365,40.4270961,-38.87847126,46.98195507049561,-7.792139802,Campus
122,-0.081130709,8.651743956911604E-4,0.017803179637022607,0.9961912232695274,0.004932014,-0.035330878,0.16233723740843894,9.881073998016062,0.41414416699163903,-0.106689688,-100.8530061,73.37677665710449,-32.8348353,0.026497724475067794,0.040914906,-0.037097111,0.047113818,0.027762414,-0.037896252,-48.375,-0.025831019,0.056664021,-0.043587825,9.881073998016062,0.41414416699163903,-0.106689688,30.616357803344727,0.9462558031082153,1.0625592470169067,3.9000000953674316,1.5473791360855103,0.688481331,155.89999389648438,-86.9106319,40.427112,-37.73252518,47.576339149475096,-5.774625895,Campus
123,-0.091955521,-0.007109516,0.009710259,0.9953314563603077,-0.012421053,-0.020601773,0.18401522695728875,9.784399889047863,0.23654968525708012,0.1469466034865495,-100.032434,74.62556838989258,-33.01380936,-0.122264341,-0.028204242,0.054571492,-0.101648246,-0.041352283,0.053754558289441666,-45.77777778,-0.133928512,0.03024722,0.019207418977635577,9.784399889047863,0.23654968525708012,0.1469466034865495,32.48941421508789,1.0568349361419678,1.0726115703582764,3.9000000953674316,1.6110965013504028,345.3236083984375,155.89999389648438,-86.9106331,40.427128,-36.91207539,48.82549701690674,-5.954087892,Campus
124,-0.128241828,-0.01248809,0.020118845217579152,0.9911384697143848,-0.01937654,-0.04288628,0.2569171597178166,9.770118421721227,0.44680445422124554,0.19120220977867258,-100.6169365,74.14793869018554,-34.15011745,-0.037308671,-0.003202543,-0.034556923,-0.016692576,-0.016351911,-0.03535866,-45.5,-0.166039173,0.020998617,-0.007467903,9.770118421721227,0.44680445422124554,0.19120220977867258,24.327547073364258,0.75,2.068951368331909,3.9000000953674316,1.5592409372329712,1.246016025543213,154.89999389648438,-86.9106332,40.427144,-37.49694324,48.34811100006104,-7.090151844,Campus
125,-0.09721646,-0.005717435,0.010872702,0.9946985117440085,-0.008933727,-0.02266219,0.19474536520474164,9.748199759,0.2318540603991652,-0.042045727,-101.3512542,76.62161064147949,-32.20409531,0.085400004,0.021873374,0.009353969,0.10601906562043191,0.008725331,0.008551862,-45.55555556,-0.16906111,0.007533476,-0.130413193,9.748199759,0.2318540603991652,-0.042045727,29.897811889648438,0.9220086932182312,2.0790393352508545,3.9000000953674316,1.5439223051071167,358.5029602050781,154.89999389648438,-86.9106317,40.4271596,-38.2316272,50.82056289672852,-5.144373906,Campus
126,-0.085377814,-0.011162151,0.008296581,0.9959834021272012,-0.020781205,-0.018238006,0.1707389523971428,9.987441331437491,0.24545598124239812,0.12760655732499887,-103.106956,78.98828834533691,-32.1122295,-0.09386884,-0.014649955,0.034890944,-0.073252743,-0.027795032,0.034076974,-39.875,0.062085309,0.064918346,-0.078488634,9.987441331437491,0.24545598124239812,0.12760655732499887,29.935285568237305,0.840595007,2.088884115219116,3.9000000953674316,1.4817198514938354,2.384305953979492,154.89999389648438,-86.9106294,40.4271748,-39.98623116,53.18833904266357,-5.052263892,Campus
127,-0.070364668,-0.025402221,0.018228441243991256,0.9967990754877479,-0.04800567,-0.039952687,0.14000184718266273,9.887285505683677,0.36031146707393014,0.44357240306737933,-106.0427638,78.72598885,-33.53731123,0.017471417572204637,9.488909803692576E-5,0.013496463058190872,0.038088995,-0.01305167,0.01269139,-38.11111111,-0.02762082,-0.035906701,-0.032815511,9.887285505683677,0.36031146707393014,0.44357240306737933,30.574481964111328,0.904433548,2.098897933959961,3.9000000953674316,1.4966471195220947,8.066870689,154.89999389648438,-86.9106257,40.4271892,-42.92289337,52.926161003112796,-6.47746789,Campus
128,-0.086507448,-0.005503963,0.016226019433392122,0.9958591773672011,-0.008109911,-0.033238907,0.17304888179579986,9.898704670942747,0.35034144483058927,0.088071403,-108.7227377,78.29447471618653,-32.65781324,-0.062674115,0.078081699,-0.02140486,-0.04205802,0.064935139,-0.02219214,-44.875,-0.024916848,0.018182985846278737,0.007430951,9.898704670942747,0.35034144483058927,0.088071403,20.380741119384766,0.8920201659202576,2.1089625358581543,3.9000000953674316,2.0491323471069336,324.76519775390625,154.89999389648438,-86.9106359,40.4272044,-45.60311111,52.49452533721924,-5.597969897,Campus
129,-0.100020407,8.74951421501111E-4,0.018752532,0.9947237974231683,0.005536523,-0.037118158,0.20049240186955164,9.943139266041877,0.38426872907947857,-0.005781686,-110.0095936,75.12259635925292,-31.71646141,-0.047847725,-0.022626553,-0.003413034,-0.027231631,-0.0357657,-0.004210695,-45.88888889,0.043016272,0.010195013533518153,0.041805165,9.943139266041877,0.38426872907947857,-0.005781686,20.98666000366211,0.7424957752227783,2.659698963165283,3.9000000953674316,1.6477198600769043,324.1862487792969,156.09999084472656,-86.9106498,40.4272184,-46.89057705,49.32240283966065,-4.656495898,Campus
130,-0.093517007,-0.006872103,-2.26E-04,0.9953975851095996,-0.013648341,-8.24E-04,0.18727978854214103,10.013181621588549,0.036952269353985205,-0.058554459,-108.6578339,77.12388450622558,-32.62182323,0.059044613787741625,0.003719942,-0.078551695,0.079660708,-0.009422171,-0.079338978,-44.125,0.037905813,0.05829974,-0.195808104,10.013181621588549,0.036952269353985205,-0.058554459,30.364538192749023,0.9381364583969116,2.6696906089782715,3.9000000953674316,1.5640724897384644,329.802002,156.09999084472656,-86.91066,40.4272298,-45.53771919,51.32381301879883,-5.561735873,Campus
131,-0.069253341,-0.002508876,-0.01516863,0.997311122,-0.006987472,0.029979761,0.13878066302503198,10.08601457632861,-0.362814637,0.075524916,-108.1062717,80.03504844665527,-32.13345736,-0.06337392,0.028696477,0.026766081801751284,-0.042757826,0.015557331222932316,0.025963975,-43.88888889,0.2099770851505613,-0.076430578,0.00671469,10.08601457632861,-0.362814637,0.075524916,25.606460571289062,0.8598255515098572,2.6796681880950928,3.9000000953674316,1.7089670896530151,355.4610900878906,156.09999084472656,-86.9106626,40.4272431,-44.98640114,54.235221214294434,-5.073491902,Campus
132,-0.082818322,0.005897005,-0.007841277,0.9963029244771371,0.010445271968190074,0.016769219757406972,0.16575422875869733,9.954020287226705,-0.16521511,-0.096537615,-109.0767821,78.84701202392579,-32.58485733,-0.007894025,0.044790081885786585,-0.006945452,0.012723537945510963,0.031646587,-0.007741313,-43.33333333,0.030286578031686637,-8.37E-04,0.018520983,9.954020287226705,-0.16521511,-0.096537615,29.780071258544922,0.8765842914581299,2.689615488052368,3.881000042,1.5332095623016357,358.50555419921875,156.09999084472656,-86.9106591,40.427256,-45.95569103,53.04669685,-5.524891896,Campus
133,-0.085317982,0.00687674,0.002028549,0.9961257652171607,0.014132527221961724,-0.002986085,0.17074267,9.940647717818473,0.055891575,-0.007442722,-110.1893001,75.91974442,-31.77563137,-0.105824839,-0.009718697,0.029311771965721278,-0.085208746,-0.022860811,0.028514112228328743,-48.25,0.00950286,0.026567653345974905,0.13302388371339122,9.940647717818473,0.055891575,-0.007442722,27.267621994018555,0.840595007,2.6996335983276367,3.862999916,1.6144564151763916,0.7181973457336426,156.09999084472656,-86.9106549,40.427269,-47.06979504,50.12016098022461,-4.71590992,Campus
134,-0.114547029,-0.009170151,0.011361932451780252,0.9931041308977071,-0.015597551,-0.024605841,0.2292898926630761,9.876392933928852,0.15855354076992828,0.064353573,-108.085654,71.93681045532226,-34.39887547,-0.00523075,0.004241831,0.002776983,0.015385345,-0.008900281,0.001968945,-47.66666667,-0.04160856,-0.084935185,-0.090250312,9.876392933928852,0.15855354076992828,0.064353573,30.069480895996094,0.9102197289466858,2.556823253631592,3.862999916,1.5444332361221313,358.4451599121094,156.09999084472656,-86.9106522,40.4272827,-44.96492916,46.136128959655764,-7.338909874,Campus
135,-0.108543818,-0.008173882,-2.05E-05,0.9938912015516781,-0.016117344,-0.001641259,0.21750727802225686,9.975668884018093,0.035482889,0.13423618759272746,-104.1227283,72.93952857971192,-33.7520314,-0.058653199,0.055750191497087515,-0.040422669,-0.038037102,0.042600664765646376,-0.041217363,-43.625,0.057853472,0.020044437021885103,-0.025521499,9.975668884018093,0.035482889,0.13423618759272746,31.558876037597656,0.9220086932182312,2.567014217376709,3.8340001106262207,1.4587547779083252,343.7140808105469,156.09999084472656,-86.9106533,40.4272957,-41.00310112,47.13970104217529,-6.692187848,Campus
136,-0.113414034,-0.007253176,0.004157019,0.993252929,-0.013475719,-0.009691565,0.22729790167322436,9.828898645,0.080838292,0.10925593821313949,-102.6911798,75.45199699401856,-33.05736334,-0.055071143,0.002404841,-0.001659073,-0.034455047,-0.010738755,-0.002455251,-46.88888889,-0.089353168,-0.007272879,-0.021748789,9.828898645,0.080838292,0.10925593821313949,28.601436614990234,0.9021086692810059,2.5767738819122314,3.8450000286102295,1.5691553354263306,355.2501220703125,156.09999084472656,-86.9106528,40.427309,-39.57118725,49.651803169250485,-5.99739789,Campus
137,-0.121428965,-0.012303539,-0.004513882,0.9922230752926429,-0.025277698,0.006264144,0.24362456436874796,9.799877745433918,-0.053539407,0.207249222,-103.2721442,78.11879402160645,-33.32271345,-0.029320668,-0.004765201,0.020730256907714222,-0.008704573,-0.017914727,0.019914807,-45.375,-0.105859062,-0.003515577,-0.051326614,9.799877745433918,-0.053539407,0.207249222,33.77083969116211,1.0429285764694214,2.586827516555786,3.8559999465942383,1.5601295232772827,348.5736999511719,156.09999084472656,-86.9106515,40.4273228,-40.15251717,52.31884479522705,-6.262747889,Campus
138,-0.114115262,-0.011125698,-0.004246252,0.9931283992471047,-0.022874084,0.006185867,0.2288984702628793,9.709847723396079,-0.042051532,0.1862539479291989,-104.8094659,77.62933067321778,-33.35394529,0.002846667,-0.002023802,-0.017935483,0.023464245,-0.015174811,-0.018740556,-47.33333333,-0.214145957,0.013161787,-0.036556837,9.709847723396079,-0.042051532,0.1862539479291989,33.970794677734375,1.0543718338012695,2.5968291759490967,3.862999916,1.5493396520614624,339.9897766113281,156.09999084472656,-86.910654,40.4273359,-41.68947342,51.83060077667236,-6.294345894,Campus
139,-0.089238272,-0.017929905,-0.006234318,0.9955244261084251,-0.036920052,0.009446894,0.17875634596764461,9.834736254608746,-0.107125271,0.3078290778799977,-103.2994722,76.98724433898926,-33.53584736,0.013142113,-0.00915233,0.007330166,0.033758206,-0.022291477,0.006523611,-43.625,-0.113066118,-0.007760609,-0.057480827,9.834736254608746,-0.107125271,0.3078290778799977,29.158384323120117,0.9360021352767944,2.128826141357422,3.881000042,1.5847314596176147,350.3750915527344,156.79998779296875,-86.9106542,40.42735,-40.179235,51.18668476104736,-6.475881867,Campus
140,-0.085628725,-0.008214642,-0.014474204,0.9959868737138234,-0.018751068,0.027530557395948563,0.17169282313149709,9.982016873591155,-0.239558137,0.060383925838305534,-102.4041142,78.9702327,-33.16130739,0.032727316505490586,0.028533615324144754,-0.009855786,0.053343411311149024,0.015376903387592532,-0.010654586,-50.55555556,0.054235688,0.044591465,-0.126212672,9.982016873591155,-0.239558137,0.060383925838305534,31.377635955810547,1,2.139000654220581,3.862999916,1.5436837673187256,323.6933898925781,156.79998779296875,-86.9106614,40.427363,-39.28387714,53.16979492,-6.101463847,Campus
141,-0.044221546,-0.007717712,-0.006047056,0.9987021349008801,-0.015734422,0.011538865335751325,0.088583508,10.048568656143633,-0.224666884,0.2212402658484474,-102.6812982,78.26482833862305,-31.55944738,-0.006523612,0.027669008681098523,0.028087113304086284,0.014092482536018473,0.014525413657855061,0.027280557086890183,-48,0.1137724478267929,-0.109361914,0.064947412,10.048568656143633,-0.224666884,0.2212402658484474,27.012060165405273,0.8905054926872253,2.1489953994750977,3.878000020980835,1.6596684455871582,340.4679260253906,156.79998779296875,-86.9106671,40.4273769,-39.56081722,52.46426906585693,-4.499237905,Campus
142,-0.056593852,-0.006083224,0.006239212,0.9981974218655558,-0.011475551,-0.013183077,0.11308557236368216,9.981923941269661,0.15190358289169348,-0.113293186,-103.3349741,77.06386063,-31.73024752,0.01908453,-6.67E-04,-0.005122518,0.039700623145055715,-0.013810782,-0.005918695,-50.125,0.041301075,0.021415418,-0.227111791,9.981923941269661,0.15190358289169348,-0.113293186,30.150484085083008,0.9300537705421448,2.1587929725646973,3.881000042,1.5503089427947998,354.4665527,156.79998779296875,-86.9106662,40.4273912,-40.21461525,51.262568969726566,-4.670281904,Campus
143,0.033620664,0.001299103,0.009202976,0.9988430518548466,0.001638147,-0.018385862,-0.067318657,9.946435215403733,0.1582573416419056,-0.040608289,-103.4409921,76.04150062561035,-28.17114151,0.24190737571549212,0.033412752460543683,0.021765142,0.26253681208540514,0.020266192,0.020958584715223428,-47.25,0.011253500447689909,-0.023797858,-0.024229922,9.946435215403733,0.1582573416419056,-0.040608289,20.04708480834961,0.8800567984580994,2.1688156127929688,3.881000042,2.0897023677825928,313.7432861328125,156.79998779296875,-86.9106756,40.4274037,-40.32148727,50.24203903198242,-1.111175969,Campus
144,0.12277789811775522,-0.011385061,0.016837303,0.9920653556157084,-0.026747811,-0.030493499,-0.246673131,9.908856855,0.36152616422623396,0.11006121173984586,-103.8668939,73.61992279052734,-25.8605835,0.11945325744256956,0.009316904,-0.026739396,0.14007528113524512,-0.003823726,-0.027529641,-50.44444444,-0.037638724,0.057701772,-0.149838154,9.908856855,0.36152616422623396,0.11006121173984586,30.78722381591797,0.9300537705421448,2.178790330886841,3.881000042,1.6037583351135254,316.3196716308594,156.79998779296875,-86.9106897,40.4274129,-40.74690117,47.820339126586916,1.1993819700181485,Campus
145,0.1566674508226728,0.002251085,0.011272879830251891,0.9872792872410376,0.001126845,-0.022549648,-0.314663688,10.017987579975314,0.22702485696385497,0.023736569289009548,-103.1674685,73.13436287,-23.33420753,0.013331889608893002,0.035845762430645016,-0.020887417,0.033947983729535516,0.022697721167187233,-0.021682113,-50.55555556,0.084832557,0.016899977638883498,0.037291113,10.017987579975314,0.22702485696385497,0.023736569289009548,28.868558883666992,0.9021086692810059,1.7289572954177856,3.881000042,1.575490117073059,305.8818664550781,154.89999389648438,-86.910702,40.4274197,-40.04735321,47.33453506469726,3.725879924297333,Campus
146,0.17416466555549104,0.004467332,0.004408675,0.9843862924760985,0.007737091,-0.010062966,-0.350056976,10.134414071018256,0.048800224,-0.047502176,-102.399356,74.56115242004394,-21.49493561,0.063623004,-0.019026707,0.008431768,0.084243548,-0.032171782,0.007614834,-49.625,0.24379737168839835,-0.050404864,0.024742971,10.134414071018256,0.048800224,-0.047502176,26.567520141601562,0.8709190487861633,1.7389785051345825,3.9000000953674316,1.650885820388794,329.3375549316406,154.89999389648438,-86.9107095,40.4274287,-39.2798513,48.76095905303955,5.565029897689819,Campus
147,0.20750086197575318,-0.007652561,0.011241671451730812,0.9779949483362217,-0.019558659,-0.018741059,-0.418346776,9.869725523643123,0.1739442685745584,0.2354403909892567,-104.6120696,73.01724243164062,-20.1868516,0.059803726,-0.004142493,-0.0127759,0.08041982,-0.017286088,-0.013580974,-50,-0.055916911,-0.014360609,0.048860138517270967,9.869725523643123,0.1739442685745584,0.2354403909892567,18.082706451416016,0.9042676687240601,1.7488800287246704,3.9000000953674316,2.2723355293273926,281.8671875,154.89999389648438,-86.9107262,40.4274337,-41.49207714,47.21656093597412,6.873235878944397,Campus
148,0.21911424427356535,-0.009489806,0.00804217,0.9753310333177881,-0.021753475,-0.011327591,-0.441984445,9.925936509104607,0.08744257,0.15961346830449347,-104.595234,71.29533416748046,-20.46330362,0.049437114,0.003143195,-0.022221794,0.07005321,-0.010003366,-0.023022418,-50.125,-0.015554312,-0.015108809,-0.073241808,9.925936509104607,0.08744257,0.15961346830449347,32.204078674316406,1.008017897605896,1.7589102983474731,3.9000000953674316,1.6911367177963257,277.1767578,154.89999389648438,-86.910744,40.4274337,-41.47487503,45.49477504730225,6.596417884826661,Campus
149,0.22731738451581734,-0.010023442,0.009043307,0.9731648839437045,-0.023177327,-0.012499801,-0.458928648,9.888926186607879,0.073088536,0.3651842270950669,-103.8507902,70.84039680480957,-20.70522955,-0.070905271,-0.003867719,-0.011230192,-0.050289175,-0.017009746,-0.012028992,-53.88888889,-0.024129895,-0.066318196,0.13892456479012394,9.888926186607879,0.073088536,0.3651842270950669,24.80318832397461,0.8962700366973877,1.7689599990844727,3.9000000953674316,1.7981630563735962,307.3205261230469,154.89999389648438,-86.9107546,40.4274404,-40.73030926,45.04020332336426,6.3547358798980715,Campus
150,0.21295313464785084,-0.018647639,0.022837602925030242,0.9761858304727424,-0.045804921,-0.036675517,-0.430072291,9.760587789479969,0.3960789399655554,0.27932429181646956,-103.9580283,70.87028671264649,-22.55889755,0.046875114,0.029311772368653923,0.039229145,0.067491208,0.016162247945739915,0.038406280719322484,-52.875,-0.141255494,0.032630372105292904,-0.174904076,9.760587789479969,0.3960789399655554,0.27932429181646956,29.9602108,0.840595007,1.166210651397705,3.9000000953674316,1.5124469995498657,301.1935729980469,155.89999389648438,-86.9107642,40.4274486,-40.83766903,45.07021522521973,4.500945913791656,Campus
151,0.26404623412391515,-0.016331649,0.013803515,0.9639171199891173,-0.038614961,-0.017901125,-0.535110016,10.008875106144878,0.16355407574367756,0.3112150410063637,-103.9294798,70.22368690490723,-20.48709354,0.11868228494343393,-0.013368956,0.003848931,0.13929838065998357,-0.026502172,0.003048306,-53,0.087233141,-0.013653443,-0.072288345,10.008875106144878,0.16355407574367756,0.3112150410063637,29.233789443969727,0.8962700366973877,1.1760632991790771,3.9000000953674316,1.5487514734268188,308.69000244140625,155.89999389648438,-86.9107726,40.4274563,-40.80924332,44.42495731,6.573115887641907,Campus
152,0.31835410201433795,-0.018595733,0.017476416897798382,0.9473774832429238,-0.046174718,-0.021157542,-0.648816525,9.843482883231154,0.17802716817851494,0.46654524,-104.5148363,67.80442642211914,-19.0385877,0.033934641,0.027978881,-0.011282883,0.054550735,0.014833801360439184,-0.012086474,-50.55555556,-0.070380651,-0.031471158,0.008494333,9.843482883231154,0.17802716817851494,0.46654524,19.720972061157227,0.9231467843055725,1.186036229133606,3.9000000953674316,2.095576763153076,265.2459411621094,155.89999389648438,-86.9107896,40.4274576,-41.39484314,42.00386703491211,8.021499824523925,Campus
153,0.3218425813230496,-0.02270336,0.004145636,0.9463231650370996,-0.045597028,0.006908598,-0.655484827,9.830233074151552,0.003468441,0.5022339157473582,-104.4157719,68.21105255126953,-18.67734575,-0.072305338,0.004256656,0.017108171870841564,-0.051689243,-0.008888421,0.016297167,-51,-0.066515936,0.072121966,0.047578005,9.830233074151552,0.003468441,0.5022339157473582,25.010772705078125,0.9126335382461548,1.1960582733154297,3.9000000953674316,1.8807591199874878,292.5394287109375,155.89999389648438,-86.910808,40.4274614,-41.2962672,42.411347236633304,8.382741827964782,Campus
154,0.29536990546485753,-0.017762954,0.004467169,0.9549068351393765,-0.036532495,0.002057549,-0.600132831,9.835061526992947,-0.101921463,0.5970411910313788,-103.40549,68.43223915100097,-18.65257957,-0.029237642,0.038252085,-0.043671131,-0.008617097,0.025105526661771595,-0.044467309,-50,-0.076229058,-0.081847561,0.23728385755738007,9.835061526992947,-0.101921463,0.5970411910313788,28.533506393432617,0.840595007,1.206173062324524,3.9000000953674316,1.5779277086257935,311.40740966796875,155.89999389648438,-86.9108177,40.4274722,-40.28561928,42.63167922973633,8.407385816574097,Campus
155,0.2555797764109176,-0.018378058,-0.007745459,0.9659450470822529,-0.031662951,0.024723767,-0.516960804,9.842083180992349,-0.26902412,0.47790534192135614,-102.1738998,71.25824668884277,-19.4110537,-0.191889068,6.96839217675253E-4,0.008182685,-0.171272971,-0.012446753,0.00736575,-48.125,-0.063714264,-0.02984089,0.17065649920875586,9.842083180992349,-0.26902412,0.47790534192135614,31.462873458862305,0.9381364583969116,1.3305714130401611,3.9000000953674316,1.4168416261672974,268.3532715,155.89999389648438,-86.9108293,40.4274757,-39.05488327,45.45744304656982,7.6489118432998655,Campus
156,0.15912195620606245,-0.022575927,0.0050399,0.9863634774985822,-0.045973476,-0.002375397,-0.319935772,9.883731064287204,-0.007039081,0.34543763514318804,-102.3412838,73.86721687316894,-23.50159157,-0.129926618,-0.002004528,-0.001814751,-0.109310524,-0.015151088,-0.002633167,-53.22222222,-0.04404031,-0.033556144,-0.107303076,9.883731064287204,-0.007039081,0.34543763514318804,26.87587547302246,0.9021086692810059,1.3407073020935059,3.9000000953674316,1.6536165475845337,290.9039001464844,155.89999389648438,-86.9108442,40.4274789,-39.22092533,48.06616920471191,3.5584959530830385,Campus
157,0.18846070895401332,-0.046726489,0.010885082144970791,0.9801542088389397,-0.095757099,-0.003842764,-0.380097845,9.962490947501173,-0.026071313,0.4788723402629489,-102.8653958,72.17227073669433,-24.67340149,0.2027073138518832,-0.029535052,0.029621687,0.22333075186235454,-0.042677078,0.028827293516279988,-54.875,0.052940506201524004,-0.051705615,-0.48146079,9.962490947501173,-0.026071313,0.4788723402629489,30.77292251586914,0.9360021352767944,1.3505573272705078,3.9000000953674316,1.5376416444778442,301.75,155.89999389648438,-86.9108567,40.4274876,-39.74601337,46.37219924926758,2.3869299679994582,Campus
158,0.28462626430594806,-0.03187055,0.010697304191903066,0.9578537292850827,-0.067129625,-0.00232666,-0.577639342,9.987940792898529,0.1193884896268182,0.49234068439821305,-101.8685339,69.04833854675293,-21.02059958,0.085660949,0.044587403,0.010074531,0.10627704378990546,0.03143936,0.00927539,-52.55555556,0.082832924,0.096802658,-0.173549483,9.987940792898529,0.1193884896268182,0.49234068439821305,30.427106857299805,0.9021086692810059,1.3605923652648926,3.9000000953674316,1.5041111707687378,298.6156921386719,155.89999389648438,-86.9108692,40.4274961,-38.74829712,43.2472913,6.039975881576538,Campus
159,0.30270616927193206,-0.004196063,0.012077038,0.9526624581188832,-0.015377124,-0.020229597,-0.615616823,9.809672633421075,0.14094132123496925,0.2832213413621326,-102.3752002,66.94932876586914,-17.46673965,0.010580112,0.069354887,0.001891848,0.031196206988929547,0.056217222,0.001091222,-43.875,-0.113166703,-0.059745963,0.13084552211017864,9.809672633421075,0.14094132123496925,0.2832213413621326,30.25935935974121,0.8962700366973877,1.3705946207046509,3.9000000953674316,1.4864290952682495,290.4282227,155.89999389648438,-86.9108824,40.4275022,-39.25508522,41.14876918792724,9.593713817596436,Campus
160,0.2865605846192073,-0.001679158,0.007934212,0.9575558744587944,-0.007745919,-0.013973346,-0.581661557,9.896319523598384,0.047900010207758366,0.29791222536231127,-101.3278299,66.63017692565919,-16.5381977,-0.052058419,0.021679147,-0.002639098,-0.031442325,0.008535553,-0.003416001,-56,-0.024817157,-0.090472842,0.22086898143430359,9.896319523598384,0.047900010207758366,0.29791222536231127,28.951976776123047,0.8962700366973877,1.4827171564102173,3.9000000953674316,1.5636237859725952,288.3704528808594,155.89999389648438,-86.9108982,40.4275071,-38.20686134,40.82973922729492,10.522011814117432,Campus
161,0.23736064758115602,-0.003613571,-0.004513006,0.9703675138140188,-0.005256379,0.010879063021473009,-0.479808053,10.167091915240654,-0.316468052,0.33790279598011136,-99.85785187,70.00616073608398,-17.32534161,-0.140993039,0.00514031,-0.018146018,-0.120376939,-0.007998838,-0.018930334,-58.625,0.2642623290274907,-0.214462653,0.2906261102016111,10.167091915240654,-0.316468052,0.33790279598011136,30.813270568847656,0.9360021352767944,1.4926674365997314,3.9000000953674316,1.4999762773513794,274.4585266113281,155.89999389648438,-86.9109138,40.4275099,-36.73859123,44.20633308410645,9.734379816055299,Campus
162,0.20491331367238055,-0.003432395,0.013053507954944648,0.9780423733794573,-0.011764876,-0.023837946,-0.412977832,10.056081086686515,-0.231761141,0.029817355,-100.5049404,69.52365082,-17.92106766,-0.037421808,0.014844181301474607,0.046584516,-0.016805713,0.001703552,0.045772031,-57.22222222,0.10697625447245478,-0.449032757,-0.088343821,10.056081086686515,-0.231761141,0.029817355,31.15509796142578,0.9347726702690125,1.502571702003479,3.9000000953674316,1.5130300521850586,284.26141357421875,155.89999389648438,-86.9109294,40.4275138,-37.38506924,43.72492107391358,9.139385838508606,Campus
163,0.22307119181468374,-0.011133904,0.017127126710311996,0.9744432185377393,-0.029416444,-0.028465208,-0.450506971,9.641780320335837,-0.209463471,0.12579209465423927,-101.1131626,66.42885389782134,-17.54156637,-0.086869667,-0.011403081,-0.009324404,-0.066253572,-0.024536297,-0.010089759,-69.66666667,-0.281685066,-0.511502359,-0.170764629,9.641780320335837,-0.209463471,0.12579209465423927,31.15509796142578,0.9347726702690125,1.502571702003479,3.9000000953674316,1.5130300521850586,284.26141357421875,155.89999389648438,-86.9109294,40.4275138,-37.9932681,40.62832310086205,9.518323625837054,Campus
