seconds_elapsed,microphone_dBFS,totalAcceleration_z,totalAcceleration_y,totalAcceleration_x,accelerometerUncalibrated_z,accelerometerUncalibrated_y,accelerometerUncalibrated_x,orientation_qz,orientation_qy,orientation_qx,orientation_qw,orientation_roll,orientation_pitch,orientation_yaw,gyroscope_z,gyroscope_y,gyroscope_x,magnetometerUncalibrated_z,magnetometerUncalibrated_y,magnetometerUncalibrated_x,magnetometer_z,magnetometer_y,magnetometer_x,accelerometer_z,accelerometer_y,accelerometer_x,gyroscopeUncalibrated_z,gyroscopeUncalibrated_y,gyroscopeUncalibrated_x,location_bearingAccuracy,location_speedAccuracy,location_verticalAccuracy,location_horizontalAccuracy,location_speed,location_bearing,location_altitude,location_longitude,location_latitude,class
0,-120.7777778,9.908472767123929,-0.2389482,0.16899698392137305,9.908282537718076,-0.239035705,0.16906585403390834,-0.618190459,7.010066433900243E-4,-0.014622932,0.7858916810817189,-0.01698344,0.023853040093349084,1.333248519235187,-5.43E-04,2.5451969769265916E-4,8.993028968689032E-4,-114.6788279,54.24370559274334,-32.55026773,-49.46140157,6.599223843,-18.84834907,-0.004085951,-0.002602332,8.037168946531084E-4,-0.020700934,0.012929600508262714,8.993028968689032E-4,45,1.5,1.5620851516723633,13.380000114440918,0,0,167.59999084472656,-86.9131295,40.4274956,Garage
1,-89.625,9.883318660328689,-0.241335329,0.17030276303875794,9.883318660328689,-0.241335329,0.17030276303875794,-0.616844212,7.437163177262811E-4,-0.014625626,0.7869488585342481,-0.016878565,0.023939048690558636,1.3298241629183871,-8.48E-04,6.316042215861741E-4,6.686701751268893E-4,-114.5176159,54.33501693725586,-32.62865517,-48.87661491,6.154899854660034,-20.44927366,-0.013057774,-0.004454119,0.00304838,-0.021006029,0.013306685045216848,6.686701751268893E-4,45,1.5,1.5620851516723633,13.380000114440918,0,0,167.59999084472656,-86.9131295,40.4274956,Garage
2,-86.88888889,9.874833458835639,-0.242720495,0.16856622406579916,9.874833458835639,-0.242720495,0.16856622406579916,-0.616267907,8.299856082744245E-4,-0.014645695,0.7873999025057821,-0.016749973,0.024089363955178307,1.3283600807189941,-0.001156458,8.33243125986344E-4,6.805312875160966E-4,-114.4929714,54.29256092071533,-32.6705014,-48.85197105,6.112321868,-20.49063158,-0.00523907,-0.004695291,0.0028362,-0.021314418,0.013508324,6.805312875160966E-4,45,1.5,1.5620851516723633,13.380000114440918,0,0,167.59999084472656,-86.9131295,40.4274956,Garage
3,-87.75,9.894280998452196,-0.240272498,0.17169954439679397,9.894280998452196,-0.240272498,0.17169954439679397,-0.615718741,8.176867804915002E-4,-0.014613364,0.7878299801095018,-0.01671268,0.024034962,1.326963961703106,-6.23E-04,0.001129771,7.398368409852886E-4,-114.5128575,54.391625022888185,-32.57497528,-48.87319878,6.211141862869263,-20.3941297,0.01128443,-0.003038143,0.006635597,-0.020780668,0.013804852,7.398368409852886E-4,45,1.5,1.5620851516723633,13.380000114440918,0,0,167.59999084472656,-86.9131295,40.4274956,Garage
4,-93.88888889,9.936675266154761,-0.2383443,0.16999494841376556,9.936675266154761,-0.2383443,0.16999494841376556,-0.614880535,7.75239541746067E-4,-0.014432022,0.7884877679439691,-0.016530844,0.023714515,1.3248279289557383,-0.001327418,0.001151212,6.108472555822048E-4,-114.4538098,54.40858273,-32.71002937,-48.81341904,6.228709864616394,-20.53076958,0.019611569551321175,-0.002986968,0.005778777,-0.021485377,0.013826293002169292,6.108472555822048E-4,45,1.5,1.5620851516723633,13.380000114440918,0,0,167.59999084472656,-86.9131295,40.4274956,Garage
5,-97.25,9.941042761,-0.232219953,0.17215255470675173,9.941042761,-0.232219953,0.17215255470675173,-0.614064741,5.968513892052551E-4,-0.014196044,0.7891276947502951,-0.016497811,0.023140060416992427,1.3227489318662478,-8.48E-04,0.001082326,5.975035053126297E-4,-114.5440897,54.35319480895996,-32.56021339,-48.90430885,6.173687849,-20.37997761,0.003187411,-0.002282394,0.008092261,-0.021006029,0.013757407303574016,5.975035053126297E-4,45,1.5,1.5620851516723633,13.380000114440918,0,0,167.59999084472656,-86.9131295,40.4274956,Garage
6,-98.22222222,9.903608396215347,-0.235376504,0.16914410328546775,9.903608396215347,-0.235376504,0.16914410328546775,-0.614093956,6.454703013765291E-4,-0.014312774,0.7891028054709573,-0.016565455,0.023383400755599866,1.322828413213341,-8.01E-04,0.001153493,4.6703127750819456E-4,-114.4845541,54.382353134155274,-32.70795544,-48.84416286,6.202113867,-20.52771963,-0.018284288,-0.003350742,0.004661225,-0.020958584,0.013828573983560489,4.6703127750819456E-4,45,1.5,1.5620851516723633,13.380000114440918,0,0,167.59999084472656,-86.9131295,40.4274956,Garage
7,-86.375,9.886254542,-0.239349054,0.17062800182300863,9.886254542,-0.239349054,0.17062800182300863,-0.614346472,7.675111879260071E-4,-0.014487171,0.7889029904476648,-0.016594771,0.023803228819833218,1.323476308757819,-9.07E-04,9.399931391845774E-4,5.619201709706228E-4,-114.5181033,54.35551280975342,-32.62853344,-48.87759075,6.175883841514588,-20.44805363,-0.009892158,-0.003791481,0.006262792,-0.021065334,0.013615073952643037,5.619201709706228E-4,45,1.5,1.5620851516723633,13.380000114440918,0,0,167.59999084472656,-86.9131295,40.4274956,Garage
8,-92.33333333,9.887097101945143,-0.240055906,0.16894420737830493,9.887097101945143,-0.240055906,0.16894420737830493,-0.614332685,8.087771598846444E-4,-0.014489345,0.7889136498414197,-0.016531907,0.023857664642403426,1.323441148961632,-8.36E-04,0.001141632,6.449479537392126E-4,-114.52884,54.33025894165039,-32.56094536,-48.889669,6.148921828269959,-20.38229574,-4.04E-04,-0.004432916,0.005143483,-0.020994167,0.013816712849131487,6.449479537392126E-4,45,1.5,1.5620851516723633,13.380000114440918,0,0,167.59999084472656,-86.9131295,40.4274956,Garage
9,-114.6666667,9.890770199229417,-0.238062622,0.16784024701535122,9.890770199229417,-0.238062622,0.16784024701535122,-0.614263097,8.676758135479052E-4,-0.014447872,0.7889685277799958,-0.016385858,0.023866063743395713,1.323262221604875,-0.001037847,0.001094188,5.500590580162927E-4,-114.4873595,54.372593002319334,-32.48384121,-48.84818916,6.1930858469009396,-20.30360565,0.001164881,-0.00170244,0.005767023,-0.021195806,0.013769268447044984,5.500590580162927E-4,45,1.5,1.5620851516723633,13.380000114440918,0,0,167.59999084472656,-86.9131295,40.4274956,Garage
10,-144.875,9.895253894398513,-0.239775928,0.1672362339438744,9.895253894398513,-0.239775928,0.1672362339438744,-0.614148938,8.499265554614221E-4,-0.014447555,0.7890574214527908,-0.016410032,0.02384613,1.3229729411671463,-0.001037847,9.162709076246879E-4,6.093646154413452E-4,-114.5448217,54.30732292175293,-32.58900528,-48.90443115,6.127937831878662,-20.40864761,0.002190423,-0.004204559,0.004908668,-0.021195806,0.013591351774204704,6.093646154413452E-4,0,1.5,1.5620851516723633,28.44700050354004,0,0,167.59999084472656,-86.9131295,40.4274956,Garage
11,-112.1111111,9.89811139,-0.239311303,0.16911796776993762,9.89811139,-0.239311303,0.16911796776993762,-0.614118761,7.965102146415818E-4,-0.014426721,0.7890813477988382,-0.016467813,0.023748247350737887,1.3228958000257178,-8.48E-04,9.162709053641963E-4,6.212257295259211E-4,-114.5356718,54.234610900878906,-32.49335735,-48.89540325,6.053883853,-20.31397566,0.001273202,-0.003928074,0.005859806,-0.021006028,0.013591351792288637,6.212257295259211E-4,0,1.5,1.5620851516723633,28.44700050354004,0,0,167.59999084472656,-86.9131295,40.4274956,Garage
12,-112.375,9.912866027609816,-0.23778675,0.16858364858673613,9.912866027609816,-0.23778675,0.16858364858673613,-0.614151122,8.260697224893823E-4,-0.014424689,0.7890561412160213,-0.016419659,0.023780689198667042,1.3229775291222792,-9.16E-04,0.001033742,5.75606067566416E-4,-114.522374,54.341360893249515,-32.49103943,-48.88173885,6.160999841690064,-20.31165762,0.010151744,-0.002471831,0.005908337,-0.02107423,0.013708822411270095,5.75606067566416E-4,0,1.5,1.5620851516723633,28.44700050354004,0,0,167.59999084472656,-86.9131295,40.4274956,Garage
13,-97.44444444,9.923549318776548,-0.234827664,0.16923412318947245,9.923549318776548,-0.234827664,0.16923412318947245,-0.613757031,6.513721230485052E-4,-0.014328359,0.7893646359443665,-0.016565256,0.023422325011885282,1.3219752462164869,-9.31E-04,7.502153364362792E-4,7.042535100340192E-4,-114.5944761,54.287559051513675,-32.54898933,-48.95506123,6.107197847366333,-20.37058363,0.003738709,-0.002452543,0.00476734,-0.021089056,0.013425296181541624,7.042535100340192E-4,0,1.5,1.5620851516723633,28.44700050354004,0,0,167.59999084472656,-86.9131295,40.4274956,Garage
14,-88,9.938966519624284,-0.233994242,0.16837456605388124,9.938966519624284,-0.233994242,0.16837456605388124,-0.613522542,5.869636525743577E-4,-0.014222079,0.7895488929980009,-0.01652947,0.023180363283863345,1.3213763306441817,-8.72E-04,7.383542223517032E-4,7.161146229883493E-4,-114.556778,54.35160903930664,-32.56484943,-48.916875,6.170271854400635,-20.3846137,0.008310188,-0.003813745,0.004083701,-0.021029751,0.013413435092322457,7.161146229883493E-4,0,1.5,1.5620851516723633,28.44700050354004,0,0,167.59999084472656,-86.9131295,40.4274956,Garage
15,-120.6666667,9.937511666307172,-0.233634158,0.16900181090368807,9.937511666307172,-0.233634158,0.16900181090368807,-0.613364677,5.327684169599008E-4,-0.014182205,0.7896722757700577,-0.016561493,0.023054206960843603,1.3209749008845357,-8.12E-04,7.383542268726866E-4,8.228646277097389E-4,-114.56605,54.33940887451172,-32.60108341,-48.9266349,6.159779834747314,-20.42072559,-3.82E-04,-0.004504647,0.004273042,-0.020970445,0.013413435101364423,8.228646277097389E-4,0,1.5,1.5620851516723633,28.44700050354004,0,0,167.59999084472656,-86.9131295,40.4274956,Garage
16,-121.6666667,9.916251008,-0.237510655,0.16878602825678313,9.916251008,-0.237510655,0.16878602825678313,-0.613604745,5.914277325890669E-4,-0.014335145,0.7894829419052717,-0.016663737,0.023362640020193406,1.3215901759064312,-6.70E-04,6.790486541893153E-4,6.330868424802512E-4,-114.5096852,54.31647308349609,-32.5668013,-48.86917294,6.1361118412017825,-20.38534561,-0.010003164,-0.005754256,0.00338092,-0.020828112,0.013354129573890886,6.330868424802512E-4,0,1.5,1.5620851516723633,28.44700050354004,0,0,167.59999084472656,-86.9131295,40.4274956,Garage
17,-107.875,9.931572988195327,-0.23549266,0.1689321165813983,9.931572988195327,-0.23549266,0.1689321165813983,-0.613687292,6.847868224795799E-4,-0.014312272,0.789419133,-0.016490646,0.023439396679112056,1.321797494749421,-8.72E-04,9.992986926537694E-4,7.398368477667637E-4,-114.4800394,54.389672927856445,-32.59156731,-48.83903908,6.210043878555298,-20.41181971,0.006337601,-0.002907346,0.004819255,-0.021029751,0.013674379561494277,7.398368477667637E-4,0,1.5,1.5620851516723633,28.44700050354004,0,0,167.59999084472656,-86.9131295,40.4274956,Garage
18,-114.4444444,9.940941208774603,-0.234821857,0.16944320615634179,9.940941208774603,-0.234821857,0.16944320615634179,-0.613550698,6.919258519401322E-4,-0.014213648,0.7895270840635578,-0.016354175,0.023295290768146515,1.3214464720013073,-9.79E-04,0.001212799,5.619201698403769E-4,-114.4721097,54.32537914276123,-32.59559341,-48.83257301,6.144773850440979,-20.41450356,0.004935672,-0.003358748,0.006967834,-0.021136501,0.01388788,5.619201698403769E-4,0,1.5,1.5620851516723633,28.44700050354004,0,0,167.59999084472656,-86.9131295,40.4274956,Garage
19,-106.5,9.942329295630595,-0.232443555,0.16914119868023883,9.942329295630595,-0.232443555,0.16914119868023883,-0.613424797,6.679083069207743E-4,-0.014146642,0.7896261406176298,-0.01630611,0.023162613,1.3211244124810673,-9.90E-04,0.00111791,6.093646160064681E-4,-114.4619833,54.30378482818603,-32.49848141,-48.82256927,6.123179850578308,-20.31812363,0.001845665,-0.002328851,0.006967387,-0.021148362,0.013792990670693152,6.093646160064681E-4,0,1.5,1.5620851516723633,28.44700050354004,0,0,167.59999084472656,-86.9131295,40.4274956,Garage
20,-93.22222222,9.942709635762336,-0.234685372,0.16915862294800074,9.942709635762336,-0.234685372,0.16915862294800074,-0.613402368,6.358889980989401E-4,-0.014164778,0.7896432183109797,-0.016378332,0.023152450529428627,1.3210687751953418,-5.64E-04,0.001092477,6.813296288153372E-4,-114.5002915,54.31793689727783,-32.60059544,-48.85977901,6.139039874076843,-20.41962761,-8.34E-04,-0.004222781,0.006121236,-0.020721818,0.013767557675377108,6.813296288153372E-4,0,1.5,1.5620851516723633,28.44700050354004,0,0,167.59999084472656,-86.9131295,40.4274956,Garage
21,-119.125,9.914306409150651,-0.237208871,0.16832810394393588,9.914306409150651,-0.237208871,0.16832810394393588,-0.613593882,7.27512159393829E-4,-0.014231147,0.7894931614977642,-0.016320767,0.023365718249267746,1.3215565033329344,-7.53E-04,0.001272104,4.7889238933227884E-4,-114.5048058,54.37478908538819,-32.62231148,-48.86514683,6.194793848991394,-20.44219757,-0.016619553,-0.005197636,0.006105036,-0.02091114,0.013947185083717397,4.7889238933227884E-4,0,1.5,1.5620851516723633,28.44700050354004,0,0,167.59999084472656,-86.9131295,40.4274956,Garage
22,-116.3333333,9.888121743804042,-0.238852486,0.17027953267097473,9.888121743804042,-0.238852486,0.17027953267097473,-0.613961512,8.435176326034283E-4,-0.014408065,0.7892039881169217,-0.016365955,0.023779818,1.322495965124334,-0.001097153,0.00133141,3.48420159267352E-4,-114.5433575,54.30866504669189,-32.5994973,-48.90321114,6.128669857978821,-20.41938356,-0.012497059,-0.003406342,0.008105654,-0.021255112,0.014006490656400769,3.48420159267352E-4,0,1.5,1.5620851516723633,28.44700050354004,0,0,167.59999084472656,-86.9131295,40.4274956,Garage
23,-109,9.888795473043201,-0.239418748,0.16909473628095054,9.888795473043201,-0.239418748,0.16909473628095054,-0.614098564,8.768230971645165E-4,-0.014493549,0.7890957588130988,-0.016422592,0.0239528,1.3228473443429447,-9.31E-04,0.001094188,4.551701651189874E-4,-114.4957773,54.320987129211424,-32.56033527,-48.85514301,6.140991854667663,-20.37936762,-0.001248591,-0.002572797,0.006532709,-0.021089056,0.013769268,4.551701651189874E-4,0,1.5,1.5620851516723633,28.44700050354004,0,0,167.59999084472656,-86.9131295,40.4274956,Garage
24,-111.8888889,9.892861060725833,-0.239987914,0.16914120027162496,9.892861060725833,-0.239987914,0.16914120027162496,-0.614061328,8.348490595275048E-4,-0.01450881,0.7891245027190273,-0.016506477,0.023926098279437973,1.3227540486067244,-9.19E-04,0.001023021,5.263368360634929E-4,-114.4836995,54.345387,-32.62743546,-48.84428513,6.16502583,-20.44707756,0.001351736,-0.00335948,0.00572511,-0.021077195,0.013698101721848677,5.263368360634929E-4,0,1.5,1.5620851516723633,28.44700050354004,0,0,167.59999084472656,-86.9131295,40.4274956,Garage
25,-112.8888889,9.896967731989347,-0.23864667,0.17113283563118714,9.896967731989347,-0.23864667,0.17113283563118714,-0.614001944,8.018889268905431E-4,-0.014508723,0.7891707402988545,-0.016556599,0.023886714257227565,1.3226037777743294,-9.79E-04,0.001189076,5.619201698403769E-4,-114.5096857,54.32720905303955,-32.60779331,-48.8703931,6.147579822540283,-20.4263376,0.002258199,-0.002279587,0.007245929,-0.021136501,0.013864157323553724,5.619201698403769E-4,45,1.5,2.1476075649261475,42.66299819946289,0,0,167.89999389648438,-86.9131074,40.4274928,Garage
26,-119.5,9.912590202775974,-0.240301536,0.17053217252770675,9.912590202775974,-0.240301536,0.17053217252770675,-0.613897413,7.785673064487146E-4,-0.014448798,0.7892531683144061,-0.016516617,0.023765676175651042,1.3223360383394853,-0.001025986,0.001165354,5.263368349332471E-4,-114.5228616,54.33062488555908,-32.53727734,-48.88271503,6.150751834,-20.35582161,0.010141928219100803,-0.004769449,0.007428124,-0.021183945,0.013840435127031456,5.263368349332471E-4,45,1.5,2.1476075649261475,42.66299819946289,0,0,167.89999389648438,-86.9131074,40.4274928,Garage
27,-109.5555556,9.950448610250232,-0.230314986,0.16998042853422535,9.950448610250232,-0.230314986,0.16998042853422535,-0.613582369,6.806329712136061E-4,-0.014309748,0.7895007035107289,-0.016491029,0.023432504458045497,1.3215315966930203,-9.31E-04,0.001189076,4.1958682738624296E-4,-114.5021214,54.33074665,-32.60571934,-48.86234104,6.150263862609863,-20.42426367,0.017761508,0.001921156,0.005270165,-0.021089056,0.013864157,4.1958682738624296E-4,45,1.5,2.1476075649261475,42.66299819946289,0,0,167.89999389648438,-86.9131074,40.4274928,Garage
28,-115.5,9.953274115775395,-0.231740807,0.16909473613627907,9.953274115775395,-0.231740807,0.16909473613627907,-0.613285767,6.05038631124223E-4,-0.014146385,0.7897341806911727,-0.016401023,0.023087943,1.320772714985227,-0.001002264,0.00111791,5.026146118502015E-4,-114.5195683,54.310372810363766,-32.56924126,-48.87929905,6.129889850616455,-20.39083569,0.002754128,-0.001953345,0.005826945,-0.021160223,0.013792990652609218,5.026146118502015E-4,45,1.5,2.1476075649261475,42.66299819946289,0,0,167.89999389648438,-86.9131074,40.4274928,Garage
29,-120.1111111,9.946931987,-0.23255971,0.16946643764532884,9.946931987,-0.23255971,0.16946643764532884,-0.613285408,6.290586959669151E-4,-0.014110929,0.7897350725073081,-0.01631954,0.023061422935615365,1.3207699060440063,-8.81E-04,0.001268683,4.346413160629499E-4,-114.485164,54.33111289978027,-32.6207251,-48.84416294,6.151117863655091,-20.44122156,-0.002194982,-0.00307198,0.007039906,-0.021038989,0.013943763619933564,4.346413160629499E-4,45,1.5,2.1476075649261475,42.66299819946289,0,0,167.89999389648438,-86.9131074,40.4274928,Garage
30,-123.75,9.944881828,-0.234127821,0.16981490607400543,9.944881828,-0.234127821,0.16981490607400543,-0.613362642,6.466456564613482E-4,-0.014161412,0.7896741698089155,-0.016356008,0.023161135,1.3209678617495935,-0.001073431,0.001212799,5.500590580162927E-4,-114.5349395,54.30817684173584,-32.54471935,-48.89576923,6.127205839157105,-20.36509365,-0.001428178,-0.003783337,0.006992759,-0.02123139,0.013887879574327792,5.500590580162927E-4,45,1.5,2.1476075649261475,42.66299819946289,0,0,167.89999389648438,-86.9131074,40.4274928,Garage
31,-126.6666667,9.932847837799962,-0.234275921,0.16953032333584664,9.932847837799962,-0.234275921,0.16953032333584664,-0.61347027,7.289866351712387E-4,-0.014153273,0.7895906289804329,-0.01621913,0.023247106489047265,1.3212394945829817,-9.43E-04,0.001343271,5.381979478875772E-4,-114.4710114,54.33623706817627,-32.57326721,-48.82976696,6.156241836547852,-20.39278772,-0.005833598,-0.003244275,0.008198677,-0.021100917,0.014018351754661902,5.381979478875772E-4,45,1.5,2.1476075649261475,42.66299819946289,0,0,167.89999389648438,-86.9131074,40.4274928,Garage
32,-117.8888889,9.938591910797415,-0.235289386,0.16921089285785712,9.938591910797415,-0.235289386,0.16921089285785712,-0.613487965,7.013974251288885E-4,-0.014209836,0.7895758973741994,-0.016332678,0.023302199,1.3212872986654634,-8.72E-04,0.001141632,5.381979450619626E-4,-114.5161516,54.33684696,-32.54874519,-48.8753949,6.156485843658447,-20.36826565,0.001340542,-0.003774582,0.006767477,-0.021029751,0.013816712858173454,5.381979450619626E-4,45,1.5,2.1476075649261475,42.66299819946289,0,0,167.89999389648438,-86.9131074,40.4274928,Garage
33,-105.375,9.940360564451952,-0.23435282,0.16871125222398684,9.940360564451952,-0.23435282,0.16871125222398684,-0.613477327,7.12799411312252E-4,-0.014199511,0.7895843375076368,-0.016301677,0.023300104,1.3212597590048336,-7.89E-04,0.001307688,5.263368338030012E-4,-114.5575096,54.32940502166748,-32.54520718,-48.91821701,6.149653840065002,-20.36484968,4.2424618619159586E-4,-0.002967579,0.00663792,-0.020946723,0.013982768414668667,5.263368338030012E-4,45,1.5,2.1476075649261475,42.66299819946289,0,0,167.89999389648438,-86.9131074,40.4274928,Garage
34,-111.2222222,9.939524076517346,-0.233648678,0.16888565490546736,9.939524076517346,-0.233648678,0.16888565490546736,-0.613478031,7.175611862144206E-4,-0.01418807,0.7895839926108573,-0.016280127,0.023287868362317964,1.3212609476256139,-8.72E-04,0.001307688,4.5517016398874155E-4,-114.4640573,54.32196273803711,-32.60937927,-48.82403286,6.141967835426331,-20.42889963,7.413660438315382E-5,-0.002240171,0.007022416,-0.021029751,0.013982768414668667,4.5517016398874155E-4,45,1.5,2.1476075649261475,42.66299819946289,0,0,167.89999389648438,-86.9131074,40.4274928,Garage
35,-111.25,9.939373044134344,-0.23468247,0.1700936816271069,9.939373044134344,-0.23468247,0.1700936816271069,-0.613429038,6.776141557724947E-4,-0.014191494,0.7896220302118838,-0.016345978,0.023245263,1.321137290556454,-8.84E-04,0.001070465,6.212257283956753E-4,-114.5372574,54.302687072753905,-32.60815933,-48.89735504,6.122203845977783,-20.42706976,-4.35E-04,-0.003346436,0.007171026,-0.021041612,0.013745546259564681,6.212257283956753E-4,45,1.5,2.1476075649261475,42.66299819946289,0,0,167.89999389648438,-86.9131074,40.4274928,Garage
36,-107.6666667,9.910400585063453,-0.236299948,0.16707361424432218,9.910400585063453,-0.236299948,0.16707361424432218,-0.613588334,7.6988035670563E-4,-0.014216095,0.7894977180703172,-0.016235188,0.023394062192839325,1.3215413764842505,-9.19E-04,0.001307688,5.500590597116615E-4,-114.5423817,54.34575283050537,-32.55752922,-48.90174709,6.165147819519043,-20.37717161,-0.016360653,-0.004423409,0.00608758,-0.021077195,0.013982768423710634,5.500590597116615E-4,45,1.5,2.1476075649261475,42.66299819946289,0,0,167.89999389648438,-86.9131074,40.4274928,Garage
37,-125.625,9.887053035995335,-0.24142535,0.16777055283773293,9.887053035995335,-0.24142535,0.16777055283773293,-0.614007373,8.91790425297446E-4,-0.014431752,0.7891678070792785,-0.016320266,0.023875552247493312,1.3226130444269915,-8.11E-04,0.001045489,4.2289425507008744E-4,-114.5143211,54.31452075958252,-32.52300339,-48.87478512,6.134647860527038,-20.34288958,-0.011671552,-0.004847323,0.005873944,-0.020968506,0.013720569460509488,4.2289425507008744E-4,45,1.5,2.1476075649261475,42.66299819946289,0,0,167.89999389648438,-86.9131074,40.4274928,Garage
38,-126.5555556,9.886960168,-0.240089551,0.16981490607400543,9.886960168,-0.240089551,0.16981490607400543,-0.614135698,9.214878850842563E-4,-0.014511935,0.7890664622621629,-0.016375835,0.024035915804719463,1.3229420740627549,-0.001049708,0.001248382,5.263368343681241E-4,-114.5099299,54.337822914123535,-32.50421516,-48.87002697,6.1579498672485355,-20.32373568,-0.00154061,-0.002438301,0.007741144,-0.021207667,0.013923462860069229,5.263368343681241E-4,45,1.5,2.1476075649261475,42.66299819946289,0,0,167.89999389648438,-86.9131074,40.4274928,Garage
39,-125.125,9.892190155473727,-0.239712043,0.16993106250624054,9.892190155473727,-0.239712043,0.16993106250624054,-0.614004462,8.674247040033557E-4,-0.01448244,0.7891691946288915,-0.016420916,0.023925679093859727,1.3226083424484845,-0.001014125,0.00122466,4.1958682964673467E-4,-114.5074895,54.32489082336426,-32.56655739,-48.86758705,6.144895858764649,-20.38583351,0.002365473,-0.003125392,0.007389707,-0.021172084,0.013899740681630893,4.1958682964673467E-4,45,1.5,2.1476075649261475,42.66299819946289,0,0,167.89999389648438,-86.9131074,40.4274928,Garage
40,-122.7777778,9.896322592948247,-0.241062361,0.1683048733229776,9.896322592948247,-0.241062361,0.1683048733229776,-0.61410128,9.226515076521025E-4,-0.014496565,0.7890935395527812,-0.016354048,0.024013802897438263,1.3228540432105944,-9.43E-04,0.001295827,5.144757225440399E-4,-114.4638134,54.31757083892822,-32.53691143,-48.822691,6.137941846847534,-20.35704161,0.001864609,-0.003490232,0.006348296,-0.021100917,0.013970907325449498,5.144757225440399E-4,45,1.5,1.0159238576889038,41.191001892089844,0,0,167.59999084472656,-86.9131211,40.4274874,Garage
41,-125,9.926670808,-0.235833953,0.16839489426750404,9.926670808,-0.235833953,0.16839489426750404,-0.6139048,9.029658666124694E-4,-0.01436045,0.7892488941405583,-0.016211893,0.023778842798280485,1.322349434917413,-0.001132736,0.001414438,4.907534994609943E-4,-114.5088315,54.33660259246826,-32.46529743,-48.86831909,6.156119852,-20.28493959,0.017616438634187274,-2.20E-04,0.007613343,-0.021290695,0.014089518380396574,4.907534994609943E-4,45,1.5,1.0159238576889038,41.191001892089844,0,0,167.59999084472656,-86.9131211,40.4274874,Garage
42,-119.75,9.952176436637211,-0.233625446,0.16883919337420789,9.952176436637211,-0.233625446,0.16883919337420789,-0.613494494,7.870702380404889E-4,-0.014157518,0.7895716816476248,-0.016133316,0.023324591749646132,1.3213006315879452,-0.001049708,0.001414438,3.7214238235039766E-4,-114.4754034,54.33818893432617,-32.59046928,-48.83611092,6.158071846961975,-20.40913553,0.011562643699275637,-0.001903747,0.008376177,-0.021207667,0.014089518425606408,3.7214238235039766E-4,45,1.5,1.0159238576889038,41.191001892089844,0,0,167.59999084472656,-86.9131211,40.4274874,Garage
43,-117.2222222,9.947756683942183,-0.232728138,0.16981490679736277,9.947756683942183,-0.232728138,0.16981490679736277,-0.613383651,6.95920797987181E-4,-0.014194218,0.7896572108407622,-0.016319084,0.023272967852145724,1.321022346181777,-9.19E-04,0.001236521,6.330868413500053E-4,-114.5433574,54.33196678161621,-32.51348736,-48.90308918,6.151605844497681,-20.33264162,-1.87E-04,-9.11E-04,0.007239558,-0.021077195,0.013911601770850062,6.330868413500053E-4,45,1.5,1.0159238576889038,41.191001892089844,0,0,167.59999084472656,-86.9131211,40.4274874,Garage
44,-124.125,9.948851409467679,-0.233727082,0.16825841034500344,9.948851409467679,-0.233727082,0.16825841034500344,-0.613220305,6.565977559307391E-4,-0.014099676,0.789785799,-0.016260329,0.023078775232278026,1.3206042676296048,-8.36E-04,0.001272104,6.212257272654294E-4,-114.5867898,54.29780696868897,-32.53605747,-48.94713104,6.1180558681488035,-20.35655371,4.721428584126593E-4,-0.004534476,0.006494572,-0.020994167,0.013947185,6.212257272654294E-4,45,1.5,1.0159238576889038,41.191001892089844,0,0,167.59999084472656,-86.9131211,40.4274874,Garage
45,-125.1111111,9.946641579415035,-0.23342217,0.1693038176564337,9.946641579415035,-0.23342217,0.1693038176564337,-0.613221835,6.711797563744207E-4,-0.014084447,0.7897848716148963,-0.016218644,0.023072580233789407,1.320607303426816,-9.16E-04,0.001268683,6.108472555822048E-4,-114.4738174,54.32672061920166,-32.53398331,-48.83354912,6.1463598537445066,-20.35435764,-0.001259043,-0.003862939,0.007717639,-0.02107423,0.013943764,6.108472555822048E-4,45,1.5,1.0159238576889038,41.191001892089844,0,0,167.59999084472656,-86.9131211,40.4274874,Garage
46,-122.25,9.938664445599306,-0.233901317,0.16990783101725346,9.938664445599306,-0.233901317,0.16990783101725346,-0.613289414,6.779994571454895E-4,-0.014134958,0.7897314851723828,-0.01627186,0.023159334779653734,1.3207808767707603,-9.19E-04,0.001402577,4.5517016624923326E-4,-114.5146874,54.34355686187744,-32.58534531,-48.87527294,6.164171838760376,-20.40486567,-0.004784343,-0.003634186,0.007968499,-0.021077195,0.014077657300219374,4.5517016624923326E-4,45,1.5,1.0159238576889038,41.191001892089844,0,0,167.59999084472656,-86.9131211,40.4274874,Garage
47,-123.2222222,9.93429109,-0.234743451,0.16914119925892468,9.93429109,-0.234743451,0.16914119925892468,-0.613411876,7.411756940430157E-4,-0.014160727,0.7896358509665554,-0.016207307,0.023275030180088526,1.3210918475123286,-8.72E-04,0.001533049,5.263368343681241E-4,-114.5066354,54.30695686340332,-32.55899323,-48.86575703,6.126961841583252,-20.3788797,-0.002227311,-0.003503938,0.007955408,-0.021029751,0.014208129525763316,5.263368343681241E-4,45,1.5,1.0159238576889038,41.191001892089844,0,0,167.59999084472656,-86.9131211,40.4274874,Garage
48,-129,9.938403074023793,-0.233825815,0.16921089329187153,9.938403074023793,-0.233825815,0.16921089329187153,-0.613457745,7.761856993135897E-4,-0.014155791,0.7896002750952267,-0.016147303,0.023309260661017548,1.321207533762293,-0.001037847,0.001426299,5.263368332378783E-4,-114.5048054,54.320620689392086,-32.59595943,-48.8641711,6.140625820159912,-20.41596766,0.001632839,-0.002252463,0.008618195,-0.021195806,0.014101379514825575,5.263368332378783E-4,45,1.5,1.0159238576889038,41.191001892089844,0,0,167.59999084472656,-86.9131211,40.4274874,Garage
49,-123.1111111,9.937956241460947,-0.23420902,0.16804977506399155,9.937956241460947,-0.23420902,0.16804977506399155,-0.613422835,7.45122012958039E-4,-0.014165228,0.7896272563239903,-0.016206921,0.023286756435499607,1.3211197957251837,-8.48E-04,0.001355132,4.433090532949032E-4,-114.5370133,54.30610305786133,-32.58668732,-48.89723289,6.126473846435547,-20.40596365,-6.11E-04,-0.002637765,0.007016417,-0.021006028,0.014030212852923036,4.433090532949032E-4,45,1.5,1.0159238576889038,41.191001892089844,0,0,167.59999084472656,-86.9131211,40.4274874,Garage
50,-127.4444444,9.938150442919685,-0.233291496,0.16842102903185538,9.938150442919685,-0.233291496,0.16842102903185538,-0.613439743,7.876985066669803E-4,-0.014125249,0.7896147966384888,-0.016091081,0.023275523545961935,1.3211603592900396,-0.001014125,0.001485604,4.670312769430717E-4,-114.5260336,54.364541091918944,-32.53678951,-48.88686291,6.184301843643189,-20.35728556,1.4422703715204034E-4,-0.002328579,0.008042613,-0.021172084,0.014160685060383047,4.670312769430717E-4,45,1.5,1.0159238576889038,41.191001892089844,0,0,167.59999084472656,-86.9131211,40.4274874,Garage
51,-117.5,9.922236951809484,-0.235449102,0.16951289874257394,9.922236951809484,-0.235449102,0.16951289874257394,-0.613439699,7.521210806851176E-4,-0.014170961,0.7896140368239394,-0.016203412,0.023304044169563692,1.3211627573642917,-8.96E-04,0.00122466,4.788923887671559E-4,-114.5494572,54.31500900268555,-32.55533325,-48.90943306,6.133671836853027,-20.37424358,-0.010459057,-0.003882579,0.008542093,-0.021053473,0.013899741,4.788923887671559E-4,45,1.5,1.0159238576889038,41.191001892089844,0,0,167.59999084472656,-86.9131211,40.4274874,Garage
52,-130.5555556,9.888958069884662,-0.240896837,0.168839193,9.888958069884662,-0.240896837,0.168839193,-0.613862695,8.572019225221526E-4,-0.014405495,0.7892808752152526,-0.016338226,0.023794618,1.3222453200701372,-8.72E-04,0.001236521,4.3144794260106475E-4,-114.5494581,54.32110882,-32.49103924,-48.90857925,6.1403818035125735,-20.31214561,-0.015739015,-0.005364871,0.006658546,-0.021029751,0.013911601752766128,4.3144794260106475E-4,45,1.5,1.0159238576889038,41.191001892089844,0,0,167.59999084472656,-86.9131211,40.4274874,Garage
53,-119.75,9.883777378,-0.241660567,0.1686533416069827,9.883777378,-0.241660567,0.1686533416069827,-0.614027305,9.341629422404087E-4,-0.014450432,0.7891519339038775,-0.016276923,0.023956666,1.3226641428012114,-8.69E-04,0.001362659,5.873531313577237E-4,-114.5676357,54.330014839172364,-32.53532551,-48.92773312,6.150141859054566,-20.35557762,-0.003991265,-0.004629583,0.007794731,-0.021027242,0.014037740076533876,5.873531313577237E-4,45,1.5,1.0159238576889038,41.191001892089844,0,0,167.59999084472656,-86.9131211,40.4274874,Garage
54,-118.4444444,9.889910651642142,-0.239047047,0.16879853664092648,9.889910651642142,-0.239047047,0.16879853664092648,-0.61407706,9.346131486275677E-4,-0.014493306,0.7891124087629966,-0.016330449,0.024023852,1.3227924351553315,-0.001120875,0.001355132,4.907534994609943E-4,-114.482846,54.33343067169189,-32.56606934,-48.8431871,6.153435835838318,-20.38656569,0.001985393,-0.001455936,0.007199909,-0.021278834,0.014030213,4.907534994609943E-4,45,1.5,1.0159238576889038,41.191001892089844,0,0,167.59999084472656,-86.9131211,40.4274874,Garage
55,-109.75,9.894185260661597,-0.240231844,0.1683310080066468,9.894185260661597,-0.240231844,0.1683310080066468,-0.613993086,9.001242064699096E-4,-0.01446426,0.7891783210837725,-0.016346634,0.023937390285354215,1.3225783931398856,-9.67E-04,0.001129771,5.026146107199557E-4,-114.5151758,54.28402076721191,-32.58619926,-48.87563908,6.104757852554322,-20.40681765,0.002393834,-0.003404273,0.006511734,-0.02112464,0.013804851768954286,5.026146107199557E-4,45,1.5,1,41.316001892089844,0,0,167.59999084472656,-86.9131182,40.427485,Garage
56,-115.6666667,9.901944540079358,-0.239860143,0.1681422544914542,9.901944540079358,-0.239860143,0.1681422544914542,-0.614018746,9.219611116721142E-4,-0.014458629,0.789158457,-0.016305994,0.023954794,1.3226429548078371,-9.79E-04,0.00133141,5.856423929234226E-4,-114.5498241,54.35160892486572,-32.56094532,-48.90967701,6.172345833778381,-20.3820517,0.005027438,-0.002830262,0.006621181,-0.021136501,0.014006490647358802,5.856423929234226E-4,45,1.5,1,41.316001892089844,0,0,167.59999084472656,-86.9131182,40.427485,Garage
57,-121,9.943371726916386,-0.234197517,0.16701441988922083,9.943371726916386,-0.234197517,0.16701441988922083,-0.613714778,8.966984607062294E-4,-0.014225516,0.7893991111551674,-0.01605029,0.023562030450811663,1.3218612925520221,-0.001025986,0.001366993,5.500590585814156E-4,-114.5166391,54.33599300384522,-32.64817551,-48.87673691,6.156363859176635,-20.46806162,0.020748462491822474,-3.10E-04,0.007557231,-0.021183945,0.014042073987352037,5.500590585814156E-4,45,1.5,1,41.316001892089844,0,0,167.59999084472656,-86.9131182,40.427485,Garage
58,-111.125,9.953207340055299,-0.232928508,0.16774732192743172,9.953207340055299,-0.232928508,0.16774732192743172,-0.613380938,7.781607095486692E-4,-0.014086105,0.7896611852553285,-0.016056351,0.023203196040200956,1.3210095722698472,-0.001014125,0.001461882,6.093646177018369E-4,-114.4656433,54.28938881,-32.60876923,-48.82537502,6.109637851715088,-20.42889961,0.005701908,-0.002366503,0.008028774,-0.021172084,0.014136962845776846,6.093646177018369E-4,45,1.5,1,41.316001892089844,0,0,167.59999084472656,-86.9131182,40.427485,Garage
59,-113.5555556,9.951020675955467,-0.232158971,0.16939674390172496,9.951020675955467,-0.232158971,0.16939674390172496,-0.61324725,6.801241085394421E-4,-0.014095366,0.7897649332157617,-0.016218653,0.023100272652882975,1.3206721428528572,-3.94E-04,7.650417409095805E-4,2.4167014719936455E-4,-114.468571,54.30585887908936,-32.57534142,-48.82842499,6.126717848777771,-20.39425165,9.822845458984375E-5,-0.002423051,0.007888929,-0.021112778,0.014160685033257146,5.619201698403769E-4,45,1.5,1,41.316001892089844,0,0,167.59999084472656,-86.9131182,40.427485,Garage
60,-116,9.948587176869216,-0.233924549,0.16925735525714541,9.948587176869216,-0.233924549,0.16925735525714541,-0.613401505,5.500747006187595E-4,-0.014397485,0.7896397895025975,-0.016799557,0.023414622,1.3210787090282996,1.4974653847443247E-4,-4.30E-05,-2.15E-04,-114.5038294,54.336480865478514,-32.56899731,-48.86478107,6.156119847297669,-20.38863962,-0.00143241,-8.72E-04,0.001868062,-0.021077195,0.014006490638316835,3.9586460599856616E-4,45,1.5,1,41.316001892089844,0,0,167.59999084472656,-86.9131182,40.427485,Garage
61,-118.1111111,9.944481044139676,-0.233692236,0.169094736,9.944481044139676,-0.233692236,0.169094736,-0.613463279,5.229255335647254E-4,-0.014486364,0.7895901948213577,-0.016953414,0.023520342683276303,1.321239839379604,1.76205940638633E-4,-4.70E-05,-7.05E-05,-114.5030973,54.33538288116455,-32.54166931,-48.86331696,6.155631856918335,-20.36082367,-0.00199571,1.4934545526137718E-4,2.9219486392461334E-4,-0.021050736,0.014002499,5.403648817893834E-4,45,1.5,1,41.316001892089844,0,0,167.59999084472656,-86.9131182,40.427485,Garage
62,-120.5,9.931950448786171,-0.234069745,0.1680260966125044,9.931950448786171,-0.234069745,0.1680260966125044,-0.61355485,5.545657525377041E-4,-0.014525629,0.7895182961399115,-0.016954406,0.023619213891984188,1.321473552185355,1.8532987507693108E-4,4.003124788530099E-5,-2.51E-04,-114.5520196,54.35502475738525,-32.6138932,-48.91248314,6.175517854690551,-20.43365755,-0.005840496,6.019217007368514E-4,-6.08E-04,-0.021041612,0.014089518407522475,3.602812693960675E-4,45,1.5,1,41.316001892089844,0,0,167.59999084472656,-86.9131182,40.427485,Garage
63,-133.8888889,9.939860945766412,-0.233645774,0.16835133557759444,9.939860945766412,-0.233645774,0.16835133557759444,-0.613542594,5.658926042158482E-4,-0.014500358,0.7895282825219978,-0.016905109,0.023593472334945086,1.3214411527207754,9.04409793540112E-5,-4.30E-05,-1.32E-04,-114.499682,54.34990089416504,-32.53715538,-48.85892467,6.170881853103638,-20.35618761,0.002864319,7.453659205760771E-4,2.2157332272205538E-4,-0.021136501,0.014006490647358802,4.7889238933227884E-4,45,1.5,1,41.316001892089844,0,0,167.59999084472656,-86.9131182,40.427485,Garage
64,-132.375,9.941092120790945,-0.233930358,0.17073544621178247,9.941092120790945,-0.233930358,0.17073544621178247,-0.613555588,5.528912924736449E-4,-0.014528426,0.7895176688444268,-0.016960508,0.023621556502812117,1.3214755822153925,7.4131988459131095E-6,-1.38E-04,-2.03E-04,-114.4501494,54.30927483,-32.56911922,-48.80963703,6.129523825645447,-20.38863968,4.306163602662318E-4,8.547097733877238E-4,0.002003643,-0.021219528,0.013911601752766128,4.0772571669240454E-4,45,1.5,1,41.316001892089844,0,0,167.59999084472656,-86.9131182,40.427485,Garage
65,-102.8888889,9.936250750835125,-0.234997041,0.16961143667308184,9.936250750835125,-0.234997041,0.16961143667308184,-0.613476782,4.5803373535977475E-4,-0.014581634,0.7895779603893317,-0.017173333,0.023590848754042562,1.321279371826394,3.6324656374065335E-4,1.1119791035296269E-4,-1.44E-04,-114.4869936,54.28768089294434,-32.49250317,-48.8456271,6.107563810348511,-20.3132436,-0.002657761,-6.98E-04,-0.001106519,-0.020863695,0.014160685042299113,4.6703127468258E-4,45,1.5,1,41.316001892089844,0,0,167.59999084472656,-86.9131182,40.427485,Garage
66,-106.7777778,9.920375527687444,-0.237174025,0.16925735511247395,9.920375527687444,-0.237174025,0.16925735511247395,-0.613683007,5.685259196432579E-4,-0.01461956,0.78941692,-0.017051619,0.023781891,1.3218029228228967,1.9719099255224455E-4,-5.49E-05,1.0378457587754842E-5,-114.5127357,54.342824935913086,-32.47615551,-48.87197899,6.163195843696594,-20.29604158,-0.010302738,-0.001055244,-5.06E-04,-0.021029751,0.013994629531013734,6.212257278305523E-4,0,1.5,1.0790654420852661,12.864999771118164,0.069269016,0,167.59999084472656,-86.9131212,40.4274965,Garage
67,-112,9.888981347,-0.241643144,0.16806965560010337,9.888981347,-0.241643144,0.16806965560010337,-0.614079599,7.205124174751052E-4,-0.014770401,0.7891055293453549,-0.017009102,0.024198078,1.3228145293819094,1.616076525590084E-4,-3.11E-05,-1.08E-04,-114.5351839,54.30463893890381,-32.57204746,-48.89503708,6.124765835,-20.39339754,-0.014153332,-0.001962966,-2.14E-04,-0.021065334,0.014018351718494035,5.026146118502015E-4,0,1.5,1.0790654420852661,12.864999771118164,0.069269016,0,167.59999084472656,-86.9131212,40.4274965,Garage
68,-107.5555556,9.887029851524575,-0.241123344,0.16856912870719595,9.887029851524575,-0.241123344,0.16856912870719595,-0.614226671,7.316030667036844E-4,-0.014884461,0.7889889085177079,-0.017136356,0.024388507062804352,1.3231931253544336,1.8532987903279152E-4,-1.73E-04,-1.32E-04,-114.5116377,54.328428955078124,-32.53300743,-48.87149124,6.147213854789734,-20.35277166,-0.002645261,3.5915053585200635E-4,-0.001217442,-0.021041612,0.013876018421814858,4.7889238933227884E-4,0,1.5,1.0790654420852661,12.864999771118164,0.069269016,0,167.59999084472656,-86.9131212,40.4274965,Garage
69,-117.875,9.890630796,-0.239369382,0.1673059268194495,9.890630796,-0.239369382,0.1673059268194495,-0.614179479,7.571542032215243E-4,-0.014810501,0.7890270197620759,-0.017003625,0.024304222548380494,1.3230694750180612,8.222944374070861E-5,-1.06E-04,-1.29E-04,-114.5293277,54.336603050231936,-32.53081139,-48.89003506,6.156729841,-20.35130764,0.001452107,9.652065256467232E-4,-8.90E-04,-0.021144712,0.013943763602023514,4.8162956842973543E-4,0,1.5,1.0790654420852661,12.864999771118164,0.069269016,0,167.59999084472656,-86.9131212,40.4274965,Garage
70,-115.1111111,9.895602355882959,-0.240263785,0.16735239037610952,9.895602355882959,-0.240263785,0.16735239037610952,-0.61423083,8.035847743141274E-4,-0.014795705,0.7889872743088064,-0.016913741,0.024336821,1.3231985325952178,1.0230209626420175E-4,-5.49E-05,-6.08E-05,-114.5254234,54.31988883972168,-32.55447952,-48.88515499,6.139283847808838,-20.37412163,0.002457758,4.920023448258927E-4,-1.22E-04,-0.02112464,0.01399463,5.500590597116615E-4,0,1.5,1.0790654420852661,12.864999771118164,0.069269016,0,167.59999084472656,-86.9131212,40.4274965,Garage
71,-117.75,9.907891680893389,-0.238199104,0.16863011142003884,9.907891680893389,-0.238199104,0.16863011142003884,-0.613989193,6.714738392298227E-4,-0.0147545,0.7891761932558227,-0.017064215,0.024114702276668502,1.3225849554376694,7.857987092066448E-5,-1.73E-04,1.1712846626500482E-4,-114.4786981,54.30366295,-32.58290516,-48.83806286,6.123301858901978,-20.40352356,0.006731219,5.550678204564215E-4,-4.70E-04,-0.021148362,0.013876018448940758,7.279757325519419E-4,0,1.5,1.0790654420852661,12.864999771118164,0.069269016,0,167.59999084472656,-86.9131212,40.4274965,Garage
72,-120.7777778,9.903199075495156,-0.237473129,0.17102293322965936,9.903199075495156,-0.237473129,0.17102293322965936,-0.61379915,5.459167700129769E-4,-0.014749978,0.7893242286246958,-0.017251047,0.023957487503157078,1.3221040142392648,1.9719098803126116E-4,-3.04E-04,-6.08E-05,-114.5227399,54.314154624938965,-32.53715523,-48.88393509,6.133915858268738,-20.35862755,-0.002332049,-1.99E-04,-1.13E-06,-0.021029751,0.013745546232438783,5.500590580162927E-4,0,1.5,1.0790654420852661,12.864999771118164,0.069269016,0,167.59999084472656,-86.9131212,40.4274965,Garage
73,-118,9.900257826,-0.238787594,0.1703735743291103,9.900257826,-0.238787594,0.1703735743291103,-0.613830978,5.390048414147775E-4,-0.014786634,0.7892987924872092,-0.017307975,0.024006168,1.3221866089163474,7.413196585421424E-6,-2.45E-04,-9.64E-05,-114.5133457,54.355024871826174,-32.51629333,-48.87356529,6.175639858,-20.33617968,-0.001410549,-9.74E-04,-9.38E-04,-0.021219528,0.013804851723744453,5.144757253696546E-4,0,1.5,1.0790654420852661,12.864999771118164,0.069269016,0,167.59999084472656,-86.9131212,40.4274965,Garage
74,-112.25,9.900852694094759,-0.238646308,0.1696987500757847,9.900852694094759,-0.238646308,0.1696987500757847,-0.613931049,5.941923252234543E-4,-0.014803028,0.7892206166554423,-0.017244045,0.024097628,1.3224406369681496,2.2091321111430677E-4,-1.26E-04,-7.26E-05,-114.5310356,54.31500900268555,-32.48615932,-48.89040104,6.135623869895935,-20.30482571,2.0595661644796722E-4,-4.36E-05,-0.001288708,-0.021006029,0.013923462905279063,5.381979478875772E-4,0,1.5,1.0790654420852661,12.864999771118164,0.069269016,0,167.59999084472656,-86.9131212,40.4274965,Garage
75,-126.5555556,9.902502115490368,-0.237203064,0.1710926268285918,9.902502115490368,-0.237203064,0.1710926268285918,-0.61389599,5.770180568221089E-4,-0.014794509,0.7892480492591858,-0.017259623,0.024063860201864566,1.3223514846227702,1.0230209400371006E-4,-1.62E-04,-3.71E-05,-114.4763795,54.34636280059814,-32.57595116,-48.83537899,6.165879845619202,-20.39522772,7.805870574654884E-4,8.13875094200801E-4,-1.16E-04,-0.02112464,0.01388788,5.737812833598299E-4,0,1.5,1.0790654420852661,12.864999771118164,0.069269016,0,167.59999084472656,-86.9131212,40.4274965,Garage
76,-123,9.904174758,-0.238576613,0.17018660714904082,9.904174758,-0.238576613,0.17018660714904082,-0.613849649,5.348089147693686E-4,-0.014808314,0.78928387,-0.017341808,0.024034826591321567,1.3222350680712358,1.927430953975152E-5,-3.28E-04,-6.08E-05,-114.533842,54.312080993652344,-32.53190937,-48.89259705,6.132939805984497,-20.3520396,8.894633320928778E-4,-2.31E-04,-0.001534885,-0.021207667,0.013721824,5.500590602767844E-4,0,1.5,1.0790654420852661,27.94700050354004,0.003033164,0,167.59999084472656,-86.9131212,40.4274967,Garage
77,-123.2222222,9.923067453995492,-0.236085058,0.1707209267662567,9.923067453995492,-0.236085058,0.1707209267662567,-0.613781375,5.167376815716655E-4,-0.01477197,0.7893376483500583,-0.017323611,0.023956761,1.3220603419739065,1.3788542778059407E-4,-1.02E-04,-1.79E-04,-114.4973636,54.335261039733886,-32.52983532,-48.85794926,6.154411831,-20.34862366,0.012224086280007965,0.001140396,-0.001082039,-0.021089056,0.013947185029465597,4.3144794090569597E-4,0,1.5,1.0790654420852661,27.94700050354004,0.003033164,0,167.59999084472656,-86.9131212,40.4274967,Garage
78,-129.25,9.948653952589313,-0.231790174,0.16918766209222738,9.948653952589313,-0.231790174,0.16918766209222738,-0.613433249,4.6633773980339844E-4,-0.014532942,0.7896126760886266,-0.017099123,0.023525092,1.3211665761012297,-1.29E-04,-1.64E-04,-1.17E-05,-114.5117597,54.331478919982914,-32.57033951,-48.871735,6.150873837471008,-20.38973766,0.009881753,0.001831309,-0.001000957,-0.021356159,0.013885028284186354,5.991001929102752E-4,0,1.5,1.0790654420852661,27.94700050354004,0.003033164,0,167.59999084472656,-86.9131212,40.4274967,Garage
79,-114.8888889,9.938487312168752,-0.234464676,0.17023306896964324,9.938487312168752,-0.234464676,0.17023306896964324,-0.613425986,4.4335315972611814E-4,-0.014556171,0.7896179302224835,-0.017163706,0.023533727901363835,1.3211494880972556,2.802187713649739E-4,-1.38E-04,-7.26E-05,-114.4791857,54.37881500244141,-32.53337334,-48.8392831,6.198453845977784,-20.35411362,-1.76E-04,-6.23E-04,-4.94E-04,-0.020946723,0.013911601770850062,5.381979473224542E-4,0,1.5,1.0790654420852661,27.94700050354004,0.003033164,0,167.59999084472656,-86.9131212,40.4274967,Garage
80,-140.5,9.948999571568757,-0.232263511,0.16979167487436128,9.948999571568757,-0.232263511,0.16979167487436128,-0.613370656,4.529266796771039E-4,-0.014495543,0.7896620208777271,-0.01707249,0.023450933487235922,1.3210062031607026,-4.45E-06,6.375347040322365E-5,-1.44E-04,-114.525546,54.36027084350586,-32.57107117,-48.88552101,6.180153851509094,-20.39168961,0.002103028,9.526536592002054E-4,-1.68E-04,-0.02123139,0.014113240622128676,4.670312769430717E-4,0,1.5,1.0790654420852661,27.94700050354004,0.003033164,0,167.59999084472656,-86.9131212,40.4274967,Garage
81,-141.1111111,9.937680040748374,-0.233483154,0.1691411996929391,9.937680040748374,-0.233483154,0.1691411996929391,-0.613436462,4.888074661862756E-4,-0.014506838,0.789610672,-0.017031646,0.023511379071086354,1.3211731933853001,1.6160765086363965E-4,1.63090248022554E-5,-1.08E-04,-114.5478719,54.354536895751956,-32.5044593,-48.90735889,6.174663848876953,-20.32556561,-0.003453792,1.8940764723472225E-4,-3.16E-04,-0.021065334,0.014065796,5.026146118502015E-4,0,1.5,1.0790654420852661,27.94700050354004,0.003033164,0,167.59999084472656,-86.9131212,40.4274967,Garage
82,-124.8888889,9.941372944758488,-0.233797754,0.16933821815137678,9.941372944758488,-0.233797754,0.16933821815137678,-0.613442408,4.946979218234932E-4,-0.014504455,0.7896060926242939,-0.017019595,0.023514717,1.3211880887596352,1.7346877003432187E-4,-4.30E-05,-1.56E-04,-114.5359156,54.317571029663085,-32.55350338,-48.89552494,6.136721816062927,-20.37314569,0.001189102,-3.58E-04,-1.57E-04,-0.021053473,0.014006490629274868,4.551701645538645E-4,0,1.5,1.0790654420852661,27.94700050354004,0.003033164,0,167.59999084472656,-86.9131212,40.4274967,Garage
83,-127.25,9.948055822872421,-0.232652637,0.1692254114353541,9.948055822872421,-0.232652637,0.1692254114353541,-0.613399563,4.6889042426398003E-4,-0.014500247,0.7896394689106246,-0.017053912,0.023477326698818253,1.321079553909672,1.1416320695804017E-4,-1.73E-04,-1.20E-04,-114.5193232,54.30829879760742,-32.55899326,-48.87929913,6.128059835,-20.37814756,0.002741341,0.001057858,-9.27E-05,-0.021112778,0.013876018412772891,4.907535000261172E-4,0,1.5,1.0790654420852661,27.94700050354004,0.003033164,0,167.59999084472656,-86.9131212,40.4274967,Garage
84,-144.8888889,9.940836656440808,-0.233236322,0.16767762760514193,9.940836656440808,-0.233236322,0.16767762760514193,-0.613421861,5.027129375873115E-4,-0.014476199,0.7896225683897444,-0.016971624,0.023480373787359128,1.3211345661033704,3.3952433048539514E-4,-9.04E-05,-1.33E-05,-114.5077335,54.29085296630859,-32.57119324,-48.86709911,6.110613847,-20.39071369,-0.002711602,5.59389591217041E-5,-0.001435624,-0.020887417,0.013959046236230331,5.975035053126297E-4,45,7.488584518432617,1.1421232223510742,103.16300201416016,0.12624964118003845,176.49696350097656,167.59999084472656,-86.9131204,40.4274866,Garage
85,-124.625,9.942605111205463,-0.233695138,0.16835133514358003,9.942605111205463,-0.233695138,0.16835133514358003,-0.613417539,5.076817610952099E-4,-0.014466036,0.7896261035817341,-0.016951171,0.023470517229831334,1.321123069929845,2.2091321111430677E-4,-4.30E-05,3.41006851917838E-5,-114.5054157,54.33806697845459,-32.51556129,-48.864659,6.157949843406677,-20.33569168,6.431283302677488E-4,-5.00E-04,-5.06E-04,-0.021006028,0.014006490620232901,6.449479526089667E-4,45,7.488584518432617,1.1421232223510742,103.16300201416016,0.12624964118003845,176.49696350097656,167.59999084472656,-86.9131204,40.4274866,Garage
86,-129.8888889,9.935760525823797,-0.234127822,0.16869980386159952,9.935760525823797,-0.234127822,0.16869980386159952,-0.613492235,5.440428397448089E-4,-0.014484487,0.7895677049572651,-0.016918627,0.023542671822584592,1.3213129547926097,1.997000715793827E-4,-7.05E-05,-5.87E-05,-114.4562496,54.33745700836182,-32.49250332,-48.81622505,6.156851863861084,-20.31275564,-0.005306849,1.5233299480034754E-4,5.225357241355456E-4,-0.021027242,0.013979004794516815,5.52111944461313E-4,45,1.5,1.1725801229476929,13.98799991607666,0.19639089703559875,329.1951599121094,167.59999084472656,-86.9131271,40.4274991,Garage
87,-121.25,9.896043712653002,-0.238785696,0.16935028020039344,9.896043712653002,-0.238785696,0.16935028020039344,-0.613734973,5.656522235299632E-4,-0.014668609,0.7893756165087802,-0.017117981,0.023854667,1.3219371096601764,2.9207988940541026E-4,-2.56E-04,2.2239568281593253E-5,-114.5681235,54.31647304534912,-32.46566349,-48.92797699,6.136233863830566,-20.2853056,-0.019138753,-0.002268289,-5.21E-04,-0.020934862,0.013792990670693152,6.330868385243908E-4,45,1.5,1.1725801229476929,13.98799991607666,0.19639089703559875,329.1951599121094,167.59999084472656,-86.9131271,40.4274991,Garage
88,-118.7777778,9.888028792964603,-0.239903701,0.16890888538175416,9.888028792964603,-0.239903701,0.16890888538175416,-0.61398765,6.552037773925124E-4,-0.014774049,0.7891770641780594,-0.017113852,0.024125604,1.3225821488111922,5.4857646142250124E-5,1.1119792165542112E-4,-1.68E-04,-114.4968759,54.28133701324463,-32.45761131,-48.85624096,6.101463866233826,-20.27664366,-0.005912272,-0.001230794,-5.59E-04,-0.021172084,0.014160685096550914,4.433090532949032E-4,45,1.5,1.1725801229476929,13.98799991607666,0.19639089703559875,329.1951599121094,167.59999084472656,-86.9131271,40.4274991,Garage
89,-122,9.890049962,-0.240481578,0.16839779783221123,9.890049962,-0.240481578,0.16839779783221123,-0.614205551,7.744966932680928E-4,-0.014810991,0.7890066759100238,-0.016977687,0.024325745125997413,1.323135485926878,-4.45E-06,6.375347379396117E-5,-2.27E-04,-114.5016337,54.31952308654785,-32.49286926,-48.86221916,6.138551840782165,-20.31275558,3.973951617490898E-5,1.435357968784073E-4,3.444627650733133E-4,-0.02123139,0.014113241,3.840034941744819E-4,45,1.5,1.1725801229476929,13.98799991607666,0.19639089703559875,329.1951599121094,167.59999084472656,-86.9131271,40.4274991,Garage
90,-124.75,9.895219078430763,-0.240487303,0.16998243905030763,9.895219078430763,-0.240487303,0.16998243905030763,-0.614149627,7.263286682343092E-4,-0.014824052,0.7890499905475135,-0.017068057,0.024288394,1.322994761096621,-4.00E-05,-7.86E-05,-1.20E-04,-114.5083437,54.31635078430176,-32.55533344,-48.8680751,6.136355838775635,-20.37607353,0.002936928,1.4467002118675455E-5,8.532018626777871E-4,-0.021266973,0.013970907307365566,4.907534988958714E-4,45,1.5,1.1725801229476929,13.98799991607666,0.19639089703559875,329.1951599121094,167.59999084472656,-86.9131271,40.4274991,Garage
91,-134,9.906613961006832,-0.236334794,0.1704886136124435,9.906613961006832,-0.236334794,0.1704886136124435,-0.613980619,6.36456820783793E-4,-0.014791985,0.7891822046446568,-0.017165289,0.024131028289065777,1.3225654004846963,1.7346876494821558E-4,2.8170134365847966E-5,-1.48E-06,-114.4579575,54.33526092529297,-32.52910316,-48.81829926,6.154411854743958,-20.35069771,0.00800092,0.002182174,5.312488206381937E-4,-0.021053473,0.014077657236925606,6.093646154413452E-4,45,1.5,1.1725801229476929,13.98799991607666,0.19639089703559875,329.1951599121094,167.59999084472656,-86.9131271,40.4274991,Garage
92,-143.125,9.948276454962572,-0.233680619,0.16921089285785712,9.948276454962572,-0.233680619,0.16921089285785712,-0.613638572,5.466112769796576E-4,-0.014608945,0.7894516726141995,-0.017071844,0.023739183,1.321689969127618,1.4974654016980125E-4,-1.93E-05,-1.08E-04,-114.4926055,54.32001079559326,-32.55765125,-48.85258121,6.140503835678101,-20.3774157,0.019523148,0.001803246,-3.82E-04,-0.021077195,0.014030212834839103,5.026146118502015E-4,45,1.5,1.1725801229476929,13.98799991607666,0.19639089703559875,329.1951599121094,167.59999084472656,-86.9131271,40.4274991,Garage
93,-133.3333333,9.950132110743846,-0.232124124,0.16876949890724663,9.950132110743846,-0.232124124,0.16876949890724663,-0.613376818,5.060341390012537E-4,-0.014432594,0.7896583508519293,-0.016911502,0.023416558,1.321018261816895,3.51385445135094E-4,1.3492014417334377E-4,-1.32E-04,-114.5090757,54.33208889007568,-32.52739544,-48.8700272,6.1517278623580935,-20.34825754,0.001852961,0.001134221,2.918373612524236E-4,-0.020875556,0.014184407293073182,4.78892388202033E-4,45,1.5,1.1725801229476929,13.98799991607666,0.19639089703559875,329.1951599121094,167.59999084472656,-86.9131271,40.4274991,Garage
94,-111.25,9.943293339997819,-0.234304962,0.1703724576142228,9.943293339997819,-0.234304962,0.1703724576142228,-0.613471423,4.982770512399909E-4,-0.014525181,0.7895831654851253,-0.017040261,0.023551207626811586,1.3212626095001514,7.048237883002282E-5,2.3494119746968725E-5,-2.11E-04,-114.4960217,54.341238784790036,-32.55569912,-48.85587509,6.1613658428192135,-20.37631756,-5.69E-04,-2.52E-04,8.786671723310764E-4,-0.021156459,0.014072981286937227,3.994001291665392E-4,45,1.5,1.1725801229476929,13.98799991607666,0.19639089703559875,329.1951599121094,167.59999084472656,-86.9131271,40.4274991,Garage
95,-91.88888889,9.942268288251265,-0.234319482,0.16858364800805026,9.942268288251265,-0.234319482,0.16858364800805026,-0.613563792,5.480459302401586E-4,-0.014541819,0.7895110521501708,-0.016984854,0.023636577922163657,1.321497078080779,7.41319545517558E-6,4.0031249580669754E-5,-1.44E-04,-114.4996815,54.34709491729736,-32.6317054,-48.86014492,6.1664898443222045,-20.45122568,-0.001456316,6.58501409789891E-4,-4.52E-04,-0.021219528,0.014089518416564441,4.6703127637794876E-4,45,1.5,1.1725801229476929,13.98799991607666,0.19639089703559875,329.1951599121094,167.59999084472656,-86.9131271,40.4274991,Garage
96,-93.75,9.936994729,-0.233831624,0.16955936157587662,9.936994729,-0.233831624,0.16955936157587662,-0.613454691,5.142562960509609E-4,-0.014490022,0.7895967977718242,-0.016971346,0.023515664,1.321218336670144,1.85329875642054E-4,4.003124618993222E-5,-1.32E-04,-114.5149312,54.352096786499025,-32.49787144,-48.874907,6.172467851638794,-20.31641567,-0.004881137,-9.97E-05,6.893638846943679E-4,-0.021041612,0.014089518398480508,4.78892388202033E-4,45,1.5,1,11.607000350952148,0.14876356720924377,131.11680603027344,167.59999084472656,-86.9131133,40.4274898,Garage
97,-76,9.897547930189706,-0.18180225,0.34337004954085765,9.897547930189706,-0.18180225,0.34337004954085765,-0.612581666,-0.008227791,-0.017802668,0.7901300874728601,-0.034833061,0.018070422,1.3192688377158155,-5.86E-04,-0.036254971,0.013520184866473694,-114.3585278,54.06588493347168,-33.26805748,-48.71838112,5.8856458616256715,-21.08879759,-0.018100771,-0.002535284,-0.002081923,-0.021812584,-0.022205484,0.014131032161581899,45,1.5,1,11.607000350952148,0.14876356720924377,131.11680603027344,167.59999084472656,-86.9131133,40.4274898,Garage
98,-78.22222222,9.885170239668627,-0.172720381,0.37749078038793343,9.885170239668627,-0.172720381,0.37749078038793343,-0.611945889,-0.009802794,-0.018580287,0.790593053,-0.038266294,0.017410475408061614,1.317723040441865,9.207188166469987E-4,0.034828672,-0.013451983,-114.302408,53.93278301239014,-33.60343529,-48.66226097,5.752665901184082,-21.4230776,-0.004149094,1.3927876659967366E-4,7.875026429741128E-4,-0.020306223,0.048878159,-0.012841136,45,1.5,1,11.607000350952148,0.14876356720924377,131.11680603027344,167.59999084472656,-86.9131133,40.4274898,Garage
99,-93.25,9.892349891,-0.239328727,0.1752510264660548,9.892349891,-0.239328727,0.1752510264660548,-0.615398387,4.1114267225160256E-4,-0.015009924,0.7880731323390331,-0.017832322,0.024166305,1.326174196687717,-4.00E-05,8.940312913076464E-4,-3.45E-04,-114.5422599,54.33599304199219,-32.58632126,-48.90211308,6.155143842697144,-20.40742762,-0.001213305,-2.04E-04,-0.001272063,-0.021266973,0.014943518,2.6539237423827056E-4,45,1.5,1,11.607000350952148,0.14876356720924377,131.11680603027344,167.59999084472656,-86.9131133,40.4274898,Garage
100,-96.77777778,9.897739669651662,-0.240048897,0.17137140252636474,9.897739669651662,-0.240048897,0.17137140252636474,-0.615600061,6.849013480303574E-4,-0.014893339,0.7879176845828306,-0.017263353,0.024315098372911945,1.326677932322604,3.113541966846701E-5,-4.30E-05,-1.20E-04,-114.533476,54.377350883483885,-32.56240906,-48.89345078,6.198087873458863,-20.38241764,0.002277587,6.125148349595301E-4,4.931112516273573E-4,-0.021195806,0.014006490629274868,4.90753501721486E-4,45,1.5,1,11.607000350952148,0.14876356720924377,131.11680603027344,167.59999084472656,-86.9131133,40.4274898,Garage
101,-91.5,9.905545336528888,-0.239137069,0.17081094779146527,9.905545336528888,-0.239137069,0.17081094779146527,-0.615445345,6.394567927662103E-4,-0.014880087,0.7880388261045067,-0.017313889,0.024241649446267527,1.3262848773048919,2.2091321111430677E-4,-1.62E-04,-8.45E-05,-114.5185915,54.322572746276855,-32.5208073,-48.87795708,6.142943849563599,-20.33971758,0.005082936,6.325600795375491E-4,-6.27E-04,-0.021006028,0.013887879574327792,5.263368360634929E-4,45,1.5,1,11.607000350952148,0.14876356720924377,131.11680603027344,167.59999084472656,-86.9131133,40.4274898,Garage
102,-78.55555556,9.908115257337256,-0.240298633,0.1717431033120572,9.908115257337256,-0.240298633,0.1717431033120572,-0.615294587,6.066201128235732E-4,-0.014827651,0.7881575375795364,-0.017296434,0.024121899,1.3258998073064363,3.524120592583831E-5,-2.00E-04,-2.35E-05,-114.4564938,54.31537483215332,-32.53312931,-48.81707916,6.134647841453552,-20.35277155,-2.01E-04,-0.001204053,4.80492957509481E-5,-0.021191701,0.013849787100648077,5.873531296786566E-4,45,1.5,1,11.607000350952148,0.14876356720924377,131.11680603027344,167.59999084472656,-86.9131133,40.4274898,Garage
103,-89,9.904084631540243,-0.237098523,0.1711158573048786,9.904084631540243,-0.237098523,0.1711158573048786,-0.615309905,6.121150494860576E-4,-0.014875195,0.788144683,-0.017346806,0.024203257526732185,1.3259410881301732,-4.00E-05,-1.93E-05,-2.15E-04,-114.5838616,54.2857288,-32.42833145,-48.94371521,6.105855836868286,-20.24919357,-0.001023367,0.002668713,-8.50E-04,-0.021266973,0.014030212889090904,3.9586460543344324E-4,45,1.5,1,11.607000350952148,0.14876356720924377,131.11680603027344,167.59999084472656,-86.9131133,40.4274898,Garage
104,-90,9.905405970453058,-0.240426405,0.1702098377699991,9.905405970453058,-0.240426405,0.1702098377699991,-0.615220315,6.148701955256893E-4,-0.014824874,0.7882155776023865,-0.01727772,0.024129298379988347,1.3257111114205666,3.1135421363835776E-5,1.6309025932501242E-5,-6.08E-05,-114.5401859,54.32794090270996,-32.53325127,-48.90125908,6.147213854789734,-20.35386963,9.575075316197663E-4,-0.001450842,-0.001060354,-0.021195806,0.014065796165790373,5.500590585814156E-4,45,1.5,1,11.607000350952148,0.14876356720924377,131.11680603027344,167.59999084472656,-86.9131133,40.4274898,Garage
105,-87.5,9.905731210430849,-0.236471278,0.17223096052998477,9.905731210430849,-0.236471278,0.17223096052998477,-0.615115493,5.934384693301202E-4,-0.014803224,0.788297798,-0.01728165,0.024071095583652988,1.3254441775164558,9.044098387499457E-5,-9.04E-05,-7.26E-05,-114.5309138,54.33855464935303,-32.54581741,-48.89015709,6.158681831359863,-20.36643568,3.0886085288038534E-4,0.001947131,9.06025177066766E-4,-0.021136501,0.013959046136768698,5.381979473224542E-4,45,1.5,1,11.607000350952148,0.14876356720924377,131.11680603027344,167.59999084472656,-86.9131133,40.4274898,Garage
106,-95.44444444,9.908289464932043,-0.238840869,0.17241681056115235,9.908289464932043,-0.238840869,0.17241681056115235,-0.61503339,5.443652086434614E-4,-0.014829041,0.7883614168583768,-0.017388311,0.024053213701954165,1.3252375600407424,1.2602431934724735E-4,-6.67E-05,-4.89E-05,-114.5894739,54.302686805725095,-32.55813942,-48.94932716,6.122691850662232,-20.37826963,0.001794297,-5.75E-04,1.6517286161774572E-5,-0.021100917,0.013982768,5.619201704054999E-4,0,1.5,1,26.649999618530273,0.00282367,0,167.59999084472656,-86.9131132,40.4274898,Garage
107,-75,9.944438659227812,-0.23430105,0.1724212777156096,9.944438659227812,-0.23430105,0.1724212777156096,-0.614836786,5.330615097688492E-4,-0.014695407,0.7885172436538251,-0.017235675,0.023832904,1.3247320478402296,-2.18E-04,2.5353126071881756E-4,-1.44E-04,-114.5481157,54.31391082763672,-32.51275532,-48.90809105,6.133915853500366,-20.33239763,0.018950888254110097,0.002176078,0.001017649,-0.02144489,0.014303018393230092,4.6703127750819456E-4,0,1.5,1,26.649999618530273,0.00282367,0,167.59999084472656,-86.9131132,40.4274898,Garage
108,-77.75,9.962334188442785,-0.231009022,0.171322036,9.962334188442785,-0.231009022,0.171322036,-0.614398852,4.1736901124026085E-4,-0.014503161,0.7888621693675958,-0.017168511,0.023396987,1.3236124851171254,7.413201671527717E-6,2.2980903481015737E-4,-2.74E-04,-114.4984615,54.34453304290771,-32.52995731,-48.85843708,6.164659824371338,-20.34972166,0.009060221,0.002154436,5.676316694148536E-4,-0.021219528,0.014279296,3.3655904631302194E-4,0,1.5,1,26.649999618530273,0.00282367,0,167.59999084472656,-86.9131132,40.4274898,Garage
109,-67.11111111,9.957757635023988,-0.232577132,0.17246327368379796,9.957757635023988,-0.232577132,0.17246327368379796,-0.614190828,3.6549169284255396E-4,-0.014464629,0.7890248634282825,-0.01719685,0.023276974600784987,1.3230835384535558,1.7346876720870726E-4,7.561457996681622E-5,-7.26E-05,-114.5232275,54.42798084259033,-32.47530128,-48.88332497,6.247985858917236,-20.29555359,-0.001103503,-0.00109863,8.717804279142213E-4,-0.021053473,0.014125101756557677,5.381979411061021E-4,0,1.5,1,26.649999618530273,0.00282367,0,167.59999084472656,-86.9131132,40.4274898,Garage
110,-79.875,9.942323434700086,-0.231729191,0.17190572199890913,9.942323434700086,-0.231729191,0.17190572199890913,-0.614200715,4.1136319197497323E-4,-0.014506422,0.789016393,-0.017176117,0.023399066,1.323110373274794,4.299653431816587E-5,1.630902423713248E-5,5.782290770970647E-5,-114.4999255,54.42615082,-32.55679745,-48.86014496,6.246643877029419,-20.37668367,-0.00651616,0.001188371,9.460074519648136E-4,-0.021183945,0.014065796211000207,6.686701751268893E-4,0,1.5,1,26.649999618530273,0.00282367,0,167.59999084472656,-86.9131132,40.4274898,Garage
111,-73.88888889,9.947486571895267,-0.23350348,0.17195218483221184,9.947486571895267,-0.23350348,0.17195218483221184,-0.614080756,3.603624130706661E-4,-0.014564887,0.7891087079277406,-0.01732493,0.023431286932184145,1.3228096239841902,2.46688321707412E-4,-1.17E-04,-7.05E-05,-114.4861401,54.47409690856934,-32.51983147,-48.84574886,6.294223914146423,-20.34166962,0.001308487,-5.62E-04,-4.50E-04,-0.020980253,0.013932016570694171,5.403648806700053E-4,0,1.5,1,26.649999618530273,0.00282367,0,167.59999084472656,-86.9131132,40.4274898,Garage
112,-58.625,9.944681417594836,-0.233291496,0.1722077303430409,9.944681417594836,-0.233291496,0.1722077303430409,-0.613996581,3.7933738893169224E-4,-0.014559691,0.789174294,-0.01728609,0.023448239794923265,1.3225958740826949,2.2091321167942967E-4,5.189236366524569E-5,-7.26E-05,-114.4470995,54.43517902374268,-32.52654129,-48.80817307,6.255305867,-20.34679363,-0.002171979,-9.61E-05,1.2403307030501876E-4,-0.021006029,0.014101379514825575,5.381979467573313E-4,0,1.5,1,26.649999618530273,0.00282367,0,167.59999084472656,-86.9131132,40.4274898,Garage
113,-89.11111111,9.938766090615282,-0.235001901,0.1712552456601152,9.938766090615282,-0.235001901,0.1712552456601152,-0.614076388,4.696042773661936E-4,-0.014599835,0.7891114070577528,-0.017195334,0.023620736034749783,1.3227995217425152,1.616076491682709E-4,9.933680644059933E-5,-1.08E-04,-114.4469778,54.452868995666506,-32.52849339,-48.80683083,6.273361887931824,-20.3478916,-0.001738039,-2.48E-04,1.822493030029593E-4,-0.021065334,0.014148823953079946,5.026146101548328E-4,0,1.5,1,26.649999618530273,0.00282367,0,167.59999084472656,-86.9131132,40.4274898,Garage
114,-91.125,9.942579000898935,-0.233785161,0.17220772875165477,9.942579000898935,-0.233785161,0.17220772875165477,-0.613905244,4.322477271644742E-4,-0.014575243,0.789245029,-0.017218961,0.023539770195640408,1.322364799027304,1.3788542721547114E-4,4.003124845042391E-5,-3.71E-05,-114.4135498,54.41968505859375,-32.5937632,-48.77437893,6.238347854614258,-20.41340572,9.374896299491808E-4,1.814492697854644E-4,8.81129098170012E-4,-0.021089056,0.014089518380396574,5.737812816644612E-4,0,1.5,1,26.649999618530273,0.00282367,0,167.59999084472656,-86.9131132,40.4274898,Garage
115,-78.66666667,9.942091895983769,-0.23326282,0.1721825711429119,9.942091895983769,-0.23326282,0.1721825711429119,-0.613762777,3.905158314189322E-4,-0.014575199,0.7893558404978039,-0.01728056,0.023491578538296292,1.3220040971793017,2.209132178957818E-4,-1.50E-04,-6.08E-05,-114.5117592,54.44506107330322,-32.53288525,-48.87112503,6.264821882247925,-20.35228373,-9.05E-05,1.5986746954686434E-4,2.5682390025518473E-4,-0.021006029,0.013899740600253193,5.500590580162927E-4,0,1.5,1,26.649999618530273,0.00282367,0,167.59999084472656,-86.9131132,40.4274898,Garage
116,-97.5,9.938789302862963,-0.234470484,0.17106939620763353,9.938789302862963,-0.234470484,0.17106939620763353,-0.613663201,3.8798306407452135E-4,-0.014578939,0.7894331974890626,-0.017286178,0.02349654,1.3217519845777346,2.920798831890581E-4,-3.11E-05,5.7822911100443994E-5,-114.4635696,54.45457702636719,-32.49494324,-48.82427704,6.275801887512207,-20.3155616,-0.002582078,-9.76E-04,-8.51E-04,-0.020934862,0.014018351745619936,6.686701768222581E-4,0,3.3148303031921387,1.1474002599716187,28.660999298095703,0.054651226848363876,0,167.59999084472656,-86.9131196,40.4274877,Garage
117,-100.6666667,9.902734293521029,-0.237792557,0.1711361856715193,9.902734293521029,-0.237792557,0.1711361856715193,-0.613792059,4.7456140282961713E-4,-0.014670957,0.7893312469269466,-0.01726641,0.023745288,1.3220825588818892,1.8532987846766862E-4,-7.86E-05,6.968402122915948E-5,-114.5346957,54.46360488891602,-32.44138542,-48.89393898,6.283365874290467,-20.26139355,-0.018926009,-0.00202847,-6.64E-05,-0.021041612,0.013970907307365566,6.805312875160966E-4,0,3.517413854598999,1.157391071,29.32699966430664,0.029259192,0,167.59999084472656,-86.9131197,40.4274877,Garage
118,-116.7777778,9.884991266195057,-0.240620966,0.17113908995123742,9.884991266195057,-0.240620966,0.17113908995123742,-0.613995412,5.395221648267606E-4,-0.014864413,0.7891694185803237,-0.017407772,0.024125950356710304,1.322607335535068,1.364027904979523E-4,-3.04E-04,-1.20E-04,-114.5045617,54.46104301452637,-32.54337742,-48.8642931,6.281169887,-20.3625316,-0.009457144,-0.001906629,-0.001457602,-0.021041612,0.013745546196270915,4.907535005912401E-4,0,3.548436164855957,1.167404294013977,96,0.024121504,0,167.59999084472656,-86.9131199,40.4274876,Garage
119,-94.875,9.887706460304631,-0.240432212,0.17139172966329796,9.887706460304631,-0.240432212,0.17139172966329796,-0.614027588,5.828772599880511E-4,-0.014907984,0.7891435325145721,-0.017393878,0.024247267,1.3226908158797483,2.3494123105103008E-5,-9.40E-05,-2.35E-05,-114.5547038,54.45152690887451,-32.4662735,-48.91492302,6.271165876,-20.28664753,2.1319205944354719E-4,-6.54E-04,-8.52E-04,-0.021050736,0.013955510687083006,5.873531296786566E-4,0,3.586223602294922,1.1774202585220337,96,0.016152689,0,167.59999084472656,-86.9131199,40.4274875,Garage
120,-99.11111111,9.892814552899702,-0.237850636,0.1735028728698064,9.892814552899702,-0.237850636,0.1735028728698064,-0.613803495,4.974366394572358E-4,-0.014908076,0.7893179059028625,-0.017521998,0.024147429910388964,1.3221235414153163,8.006250481256872E-5,-1.85E-04,-1.33E-05,-114.5239599,54.45164897918701,-32.48091324,-48.88381306,6.272019891738892,-20.30165358,0.002345743,9.488369365340298E-4,6.514606834615319E-5,-0.020994167,0.013864157323553724,5.975035070079985E-4,0,3.586223602294922,1.1774202585220337,96,0.016152689,0,167.59999084472656,-86.9131199,40.4274875,Garage
121,-115.875,9.895811553,-0.238504017,0.17067446407762546,9.895811553,-0.238504017,0.17067446407762546,-0.613752921,5.492605924497819E-4,-0.014857703,0.7893581552412904,-0.017376727,0.024132661376763315,1.3219923996230931,5.6340281164400206E-5,-2.56E-04,3.410068406153796E-5,-114.5376234,54.40614292144775,-32.46456543,-48.8977211,6.226513838768005,-20.28469563,0.001666726,2.167724000597463E-4,-0.001397286,-0.02101789,0.013792990643567251,6.449479520438438E-4,0,1.5,1.1774202585220337,96.84999847,0.007906608,0,167.59999084472656,-86.9131198,40.4274875,Garage
122,-104.4444444,9.916870580136198,-0.23664261,0.16946643721131446,9.916870580136198,-0.23664261,0.16946643721131446,-0.613629342,6.00106108569748E-4,-0.014744389,0.7894563009438006,-0.017153461,0.024018906,1.3216730772870258,5.663680850790398E-4,2.772534792808798E-4,-1.44E-04,-114.4819914,54.453601,-32.58790733,-48.84123501,6.272141890525818,-20.40815968,0.013405781347774764,0.00119624,-5.55E-04,-0.020507862,0.014326740653046127,4.6703127468258E-4,0,1.5,1.1774202585220337,96.84999847,0.007906608,0,167.59999084472656,-86.9131198,40.4274875,Garage
123,-132.625,9.939739374014048,-0.23481873,0.16890106751368597,9.939739374014048,-0.23481873,0.16890106751368597,-0.613332798,5.467991034943358E-4,-0.014606288,0.789689307,-0.017059082,0.023741849,1.3209152511022624,4.447916934031595E-5,-4.34E-04,-3.71E-05,-114.50993,54.45640697479248,-32.58680923,-48.86892899,6.277875886,-20.40754965,0.00985665,8.186907733528359E-4,-6.99E-04,-0.021029751,0.013615073970726971,5.737812833598299E-4,0,1.5,1.1774202585220337,96.84999847,0.007906608,0,167.59999084472656,-86.9131198,40.4274875,Garage
124,-113.4444444,9.951804754,-0.231531727,0.17004721893847569,9.951804754,-0.231531727,0.17004721893847569,-0.613020537,4.378496522300886E-4,-0.014540311,0.7899330246795728,-0.017140864,0.023510734,1.3201219341129933,-9.79E-05,-1.26E-04,-1.20E-04,-114.4673518,54.45408893585205,-32.48420731,-48.82805901,6.274215879440308,-20.30470362,0.007485417,0.00236692,-5.69E-04,-0.021172084,0.013923463,4.907534994609943E-4,0,1.5,1.1774202585220337,96.84999847,0.007906608,0,167.59999084472656,-86.9131198,40.4274875,Garage
125,-141.75,9.951061369145958,-0.232600366,0.17032599507026303,9.951061369145958,-0.232600366,0.17032599507026303,-0.612882519,4.2602845503794917E-4,-0.014490935,0.7900410392909374,-0.017094845,0.023421219215520376,1.319770062,-2.67E-05,-5.49E-05,-8.45E-05,-114.5371355,54.413462982177734,-32.5386195,-48.89662285,6.233955898284912,-20.35850559,2.583624089805825E-4,2.611072607410764E-4,7.1110366617591635E-6,-0.021100917,0.013994629503887834,5.263368349332471E-4,0,1.5,1.1774202585220337,96.84999847,0.007906608,0,167.59999084472656,-86.9131198,40.4274875,Garage
126,-144.2222222,9.948000620869758,-0.232693291,0.1705583077900618,9.948000620869758,-0.232693291,0.1705583077900618,-0.612805202,3.998934305996354E-4,-0.014504125,0.7901007839776937,-0.017150035,0.023411693684395076,1.3195751940162437,-1.33E-04,-4.30E-05,-1.08E-04,-114.5045615,54.430055122375485,-32.53935135,-48.86441498,6.251279907226563,-20.35972565,-0.001128243,2.8980385909960107E-4,-1.18E-04,-0.021207667,0.014006490638316835,5.026146118502015E-4,0,3.1637003421783447,1.1030669212341309,40.18299865722656,0.00742305,0,167.59999084472656,-86.9131189,40.4274878,Garage
127,-134.3333333,9.943017468869108,-0.2344821,0.17060477047869302,9.943017468869108,-0.2344821,0.17060477047869302,-0.612789134,4.209738251050182E-4,-0.014515956,0.7901130043543302,-0.017130778,0.023456586954685357,1.3195349768950388,2.5843537878245115E-4,8.2229436464751E-5,-9.40E-05,-114.5102956,54.47458499908447,-32.49591946,-48.87039299,6.294223880767822,-20.31604969,-0.002728829,-0.001285259,1.2897169933869288E-4,-0.020815795,0.014131716613729414,5.168707564455242E-4,0,3.3994853496551514,1.1131643056869507,44.70000076293945,0.006949395,0,167.59999084472656,-86.9131189,40.4274878,Garage
128,-89.25,10.117704984053825,-0.536105524,-0.096287877,10.117704984053825,-0.536105524,-0.096287877,-0.60870921,0.007163324,-0.020680652,0.7926384378405451,-0.013275829,0.0414473,1.309791147130207,0.10155187344666823,0.065520783,-0.165048853,-114.3946403,55.13131076812744,-32.48713547,-48.75510292,6.952169899940491,-20.30824158,0.18780586094532198,-0.123725188,-0.228522195,0.080477644,0.079571751,-0.164435039,0,3.3994853496551514,1.1131643056869507,44.70000076293945,0.006949395,0,167.59999084472656,-86.9131189,40.4274878,Garage
129,-53.33333333,9.410114792944158,1.2622604106995956,-0.546263404,9.410114792944158,1.2622604106995956,-0.546263404,-0.453192927,0.009237351,0.096213093,0.8777610833205066,0.10128895074323507,-0.164602255,0.9578274887742348,0.35108594415546623,-0.051606217,0.33690302340693556,-114.9968321,49.66400310516357,-23.40569958,-49.35631886,1.4836419932544231,-11.22570773,-0.179062783,-0.366394793,0.44196709426282677,0.3300117151992558,-0.037534491,0.33757020880126853,0,3.3994853496551514,1.1131643056869507,44.70000076293945,0.006949395,0,167.59999084472656,-86.9131189,40.4274878,Garage
130,-42,9.868078019883898,2.250804163791515,-0.382674377,9.868078019883898,2.250804163791515,-0.382674377,-0.453375969,-0.038349597,0.10877379029989243,0.8838045215606689,0.031659252420067785,-0.229045077,0.9515830135345459,-0.027370656,0.022848036,-0.132542107,-117.2085611,45.96101351137514,-26.94482909,-51.56894712,-2.21949625,-14.76471085,0.18650051263662484,0.002710475,-0.099357017,-0.048444887,0.036897523,-0.131931261,0,3.3994853496551514,1.1131643056869507,44.70000076293945,0.006949395,0,167.59999084472656,-86.9131189,40.4274878,Garage
