latitude,longitude,flight_id
40.0,-73.88888888888889,14
40.0,-73.87777777777778,144
40.0,-73.86666666666666,84
40.0,-73.85555555555555,17
40.0,-73.84444444444445,24
40.0,-73.56666666666666,11
40.0,-73.5,13
40.0,-73.42222222222222,22
40.0,-73.36666666666666,35
40.0,-72.57777777777778,15
40.01111111111111,-73.87777777777778,18
40.01111111111111,-73.86666666666666,130
40.01111111111111,-73.85555555555555,23
40.01111111111111,-73.84444444444445,14
40.01111111111111,-73.83333333333333,12
40.01111111111111,-73.65555555555555,11
40.01111111111111,-73.64444444444445,13
40.01111111111111,-73.4888888888889,16
40.01111111111111,-73.45555555555555,11
40.01111111111111,-73.44444444444444,13
40.01111111111111,-73.41111111111111,20
40.01111111111111,-73.37777777777778,12
40.01111111111111,-73.35555555555555,26
40.01111111111111,-73.34444444444445,13
40.01111111111111,-73.2,13
40.01111111111111,-72.6,15
40.01111111111111,-72.58888888888889,15
40.022222222222226,-73.86666666666666,37
40.022222222222226,-73.85555555555555,125
40.022222222222226,-73.84444444444445,17
40.022222222222226,-73.83333333333333,12
40.022222222222226,-73.82222222222222,15
40.022222222222226,-73.78888888888889,13
40.022222222222226,-73.64444444444445,13
40.022222222222226,-73.63333333333334,12
40.022222222222226,-73.61111111111111,12
40.022222222222226,-73.55555555555556,13
40.022222222222226,-73.47777777777777,13
40.022222222222226,-73.4,20
40.022222222222226,-73.36666666666666,13
40.022222222222226,-73.34444444444445,25
40.022222222222226,-73.33333333333333,19
40.022222222222226,-73.18888888888888,14
40.022222222222226,-73.15555555555555,11
40.022222222222226,-73.13333333333334,12
40.022222222222226,-73.12222222222222,11
40.022222222222226,-72.62222222222222,25
40.03333333333333,-73.86666666666666,21
40.03333333333333,-73.85555555555555,64
40.03333333333333,-73.84444444444445,100
40.03333333333333,-73.83333333333333,18
40.03333333333333,-73.82222222222222,17
40.03333333333333,-73.81111111111112,19
40.03333333333333,-73.62222222222222,13
40.03333333333333,-73.58888888888889,11
40.03333333333333,-73.46666666666667,14
40.03333333333333,-73.45555555555555,13
40.03333333333333,-73.43333333333334,14
40.03333333333333,-73.37777777777778,14
40.03333333333333,-73.34444444444445,11
40.03333333333333,-73.33333333333333,22
40.03333333333333,-73.32222222222222,17
40.03333333333333,-73.16666666666667,17
40.03333333333333,-72.65555555555555,13
40.03333333333333,-72.64444444444445,15
40.044444444444444,-73.88888888888889,13
40.044444444444444,-73.87777777777778,12
40.044444444444444,-73.86666666666666,11
40.044444444444444,-73.85555555555555,20
40.044444444444444,-73.84444444444445,91
40.044444444444444,-73.83333333333333,60
40.044444444444444,-73.81111111111112,11
40.044444444444444,-73.8,17
40.044444444444444,-73.63333333333334,11
40.044444444444444,-73.62222222222222,11
40.044444444444444,-73.58888888888889,11
40.044444444444444,-73.44444444444444,14
40.044444444444444,-73.42222222222222,11
40.044444444444444,-73.33333333333333,13
40.044444444444444,-73.32222222222222,27
40.044444444444444,-73.31111111111112,15
40.044444444444444,-73.15555555555555,15
40.044444444444444,-73.1,11
40.044444444444444,-72.67777777777778,14
40.044444444444444,-72.66666666666667,18
40.05555555555556,-73.96666666666667,11
40.05555555555556,-73.94444444444444,12
40.05555555555556,-73.85555555555555,13
40.05555555555556,-73.84444444444445,17
40.05555555555556,-73.83333333333333,114
40.05555555555556,-73.82222222222222,38
40.05555555555556,-73.78888888888889,25
40.05555555555556,-73.6,17
40.05555555555556,-73.57777777777778,11
40.05555555555556,-73.53333333333333,12
40.05555555555556,-73.42222222222222,14
40.05555555555556,-73.41111111111111,11
40.05555555555556,-73.36666666666666,11
40.05555555555556,-73.35555555555555,11
40.05555555555556,-73.31111111111112,30
40.05555555555556,-73.3,17
40.05555555555556,-73.13333333333334,13
40.05555555555556,-72.7,11
40.05555555555556,-72.68888888888888,25
40.06666666666667,-74.0,30
40.06666666666667,-73.9888888888889,15
40.06666666666667,-73.84444444444445,12
40.06666666666667,-73.83333333333333,26
40.06666666666667,-73.82222222222222,106
40.06666666666667,-73.81111111111112,22
40.06666666666667,-73.77777777777777,20
40.06666666666667,-73.41111111111111,16
40.06666666666667,-73.34444444444445,13
40.06666666666667,-73.3,26
40.06666666666667,-73.28888888888889,28
40.06666666666667,-73.12222222222222,17
40.06666666666667,-73.06666666666666,13
40.06666666666667,-72.72222222222223,23
40.06666666666667,-72.71111111111111,14
40.077777777777776,-73.83333333333333,17
40.077777777777776,-73.82222222222222,34
40.077777777777776,-73.81111111111112,92
40.077777777777776,-73.8,16
40.077777777777776,-73.76666666666667,22
40.077777777777776,-73.61111111111111,11
40.077777777777776,-73.41111111111111,11
40.077777777777776,-73.4,18
40.077777777777776,-73.33333333333333,15
40.077777777777776,-73.28888888888889,15
40.077777777777776,-73.27777777777777,29
40.077777777777776,-73.11111111111111,12
40.077777777777776,-73.1,11
40.077777777777776,-72.74444444444444,29
40.077777777777776,-72.73333333333333,16
40.08888888888889,-73.83333333333333,12
40.08888888888889,-73.82222222222222,16
40.08888888888889,-73.81111111111112,55
40.08888888888889,-73.8,59
40.08888888888889,-73.78888888888889,11
40.08888888888889,-73.75555555555556,23
40.08888888888889,-73.61111111111111,12
40.08888888888889,-73.55555555555556,12
40.08888888888889,-73.4,11
40.08888888888889,-73.38888888888889,17
40.08888888888889,-73.32222222222222,14
40.08888888888889,-73.28888888888889,11
40.08888888888889,-73.26666666666667,34
40.08888888888889,-73.1,11
40.08888888888889,-73.08888888888889,11
40.08888888888889,-73.04444444444445,11
40.08888888888889,-73.03333333333333,11
40.08888888888889,-72.77777777777777,13
40.08888888888889,-72.76666666666667,25
40.1,-73.82222222222222,13
40.1,-73.8,61
40.1,-73.78888888888889,40
40.1,-73.74444444444444,22
40.1,-73.6,15
40.1,-73.5,12
40.1,-73.38888888888889,12
40.1,-73.37777777777778,15
40.1,-73.31111111111112,13
40.1,-73.25555555555556,28
40.1,-73.24444444444444,22
40.1,-73.08888888888889,12
40.1,-73.07777777777778,13
40.1,-72.8,16
40.1,-72.78888888888889,26
40.1,-72.77777777777777,14
40.111111111111114,-73.8,15
40.111111111111114,-73.78888888888889,49
40.111111111111114,-73.77777777777777,23
40.111111111111114,-73.73333333333333,12
40.111111111111114,-73.6,12
40.111111111111114,-73.58888888888889,12
40.111111111111114,-73.5,11
40.111111111111114,-73.4888888888889,12
40.111111111111114,-73.37777777777778,12
40.111111111111114,-73.36666666666666,13
40.111111111111114,-73.35555555555555,15
40.111111111111114,-73.3,16
40.111111111111114,-73.28888888888889,12
40.111111111111114,-73.24444444444444,12
40.111111111111114,-73.23333333333333,21
40.111111111111114,-73.06666666666666,13
40.111111111111114,-72.81111111111112,28
40.12222222222222,-73.78888888888889,14
40.12222222222222,-73.77777777777777,35
40.12222222222222,-73.76666666666667,12
40.12222222222222,-73.72222222222223,15
40.12222222222222,-73.58888888888889,13
40.12222222222222,-73.53333333333333,11
40.12222222222222,-73.33333333333333,12
40.12222222222222,-73.3,11
40.12222222222222,-73.28888888888889,12
40.12222222222222,-73.23333333333333,16
40.12222222222222,-73.22222222222223,13
40.12222222222222,-73.21111111111111,17
40.12222222222222,-73.05555555555556,14
40.12222222222222,-73.04444444444445,14
40.12222222222222,-73.0,12
40.12222222222222,-72.84444444444445,15
40.12222222222222,-72.83333333333333,27
40.12222222222222,-72.82222222222222,12
40.13333333333333,-73.77777777777777,14
40.13333333333333,-73.76666666666667,21
40.13333333333333,-73.71111111111111,20
40.13333333333333,-73.57777777777778,15
40.13333333333333,-73.52222222222223,12
40.13333333333333,-73.35555555555555,12
40.13333333333333,-73.3,11
40.13333333333333,-73.26666666666667,13
40.13333333333333,-73.21111111111111,17
40.13333333333333,-73.2,14
40.13333333333333,-73.03333333333333,14
40.13333333333333,-72.86666666666666,16
40.13333333333333,-72.85555555555555,24
40.13333333333333,-72.84444444444445,19
40.144444444444446,-73.76666666666667,18
40.144444444444446,-73.7,14
40.144444444444446,-73.56666666666666,11
40.144444444444446,-73.46666666666667,13
40.144444444444446,-73.34444444444445,13
40.144444444444446,-73.31111111111112,15
40.144444444444446,-73.25555555555556,15
40.144444444444446,-73.2,12
40.144444444444446,-73.17777777777778,17
40.144444444444446,-73.02222222222223,12
40.144444444444446,-73.0111111111111,15
40.144444444444446,-72.88888888888889,14
40.144444444444446,-72.87777777777778,42
40.15555555555556,-73.75555555555556,16
40.15555555555556,-73.68888888888888,11
40.15555555555556,-73.57777777777778,12
40.15555555555556,-73.55555555555556,18
40.15555555555556,-73.32222222222222,17
40.15555555555556,-73.24444444444444,14
40.15555555555556,-73.18888888888888,12
40.15555555555556,-73.16666666666667,13
40.15555555555556,-73.0111111111111,14
40.15555555555556,-73.0,12
40.15555555555556,-72.91111111111111,12
40.15555555555556,-72.9,31
40.15555555555556,-72.88888888888889,14
40.166666666666664,-73.66666666666667,11
40.166666666666664,-73.55555555555556,13
40.166666666666664,-73.54444444444445,17
40.166666666666664,-73.53333333333333,13
40.166666666666664,-73.44444444444444,12
40.166666666666664,-73.33333333333333,14
40.166666666666664,-73.32222222222222,12
40.166666666666664,-73.23333333333333,12
40.166666666666664,-73.22222222222223,14
40.166666666666664,-73.17777777777778,18
40.166666666666664,-73.15555555555555,13
40.166666666666664,-73.14444444444445,13
40.166666666666664,-73.04444444444445,11
40.166666666666664,-73.0,11
40.166666666666664,-72.97777777777777,11
40.166666666666664,-72.93333333333334,17
40.166666666666664,-72.92222222222222,44
40.166666666666664,-72.91111111111111,26
40.17777777777778,-73.65555555555555,14
40.17777777777778,-73.55555555555556,11
40.17777777777778,-73.52222222222223,16
40.17777777777778,-73.21111111111111,17
40.17777777777778,-73.16666666666667,14
40.17777777777778,-73.13333333333334,13
40.17777777777778,-72.97777777777777,13
40.17777777777778,-72.95555555555555,24
40.17777777777778,-72.94444444444444,39
40.17777777777778,-72.93333333333334,22
40.18888888888889,-73.64444444444445,14
40.18888888888889,-73.54444444444445,11
40.18888888888889,-73.5111111111111,13
40.18888888888889,-73.34444444444445,11
40.18888888888889,-73.2,14
40.18888888888889,-73.15555555555555,18
40.18888888888889,-73.11111111111111,15
40.18888888888889,-72.97777777777777,26
40.18888888888889,-72.96666666666667,47
40.18888888888889,-72.95555555555555,23
40.18888888888889,-72.94444444444444,11
40.2,-73.63333333333334,16
40.2,-73.42222222222222,11
40.2,-73.35555555555555,12
40.2,-73.3,11
40.2,-73.24444444444444,12
40.2,-73.18888888888888,16
40.2,-73.14444444444445,13
40.2,-73.13333333333334,11
40.2,-73.1,13
40.2,-73.0,17
40.2,-72.9888888888889,39
40.2,-72.97777777777777,12
40.2,-72.95555555555555,11
40.2,-72.94444444444444,11
40.21111111111111,-73.62222222222222,18
40.21111111111111,-73.53333333333333,12
40.21111111111111,-73.4888888888889,11
40.21111111111111,-73.42222222222222,11
40.21111111111111,-73.37777777777778,11
40.21111111111111,-73.23333333333333,11
40.21111111111111,-73.21111111111111,14
40.21111111111111,-73.17777777777778,13
40.21111111111111,-73.12222222222222,14
40.21111111111111,-73.08888888888889,12
40.21111111111111,-73.07777777777778,13
40.21111111111111,-73.02222222222223,21
40.21111111111111,-73.0111111111111,34
40.21111111111111,-73.0,21
40.21111111111111,-72.93333333333334,13
40.22222222222222,-73.61111111111111,20
40.22222222222222,-73.43333333333334,11
40.22222222222222,-73.41111111111111,14
40.22222222222222,-73.38888888888889,11
40.22222222222222,-73.2,14
40.22222222222222,-73.16666666666667,12
40.22222222222222,-73.15555555555555,12
40.22222222222222,-73.06666666666666,12
40.22222222222222,-73.04444444444445,22
40.22222222222222,-73.03333333333333,25
40.22222222222222,-73.02222222222223,25
40.22222222222222,-72.92222222222222,18
40.22222222222222,-72.91111111111111,14
40.233333333333334,-73.6,23
40.233333333333334,-73.42222222222222,13
40.233333333333334,-73.41111111111111,11
40.233333333333334,-73.4,18
40.233333333333334,-73.38888888888889,17
40.233333333333334,-73.14444444444445,14
40.233333333333334,-73.1,14
40.233333333333334,-73.06666666666666,18
40.233333333333334,-73.05555555555556,39
40.233333333333334,-73.04444444444445,29
40.233333333333334,-72.9,15
40.233333333333334,-72.84444444444445,11
40.24444444444445,-73.58888888888889,15
40.24444444444445,-73.42222222222222,16
40.24444444444445,-73.4,17
40.24444444444445,-73.13333333333334,13
40.24444444444445,-73.08888888888889,26
40.24444444444445,-73.07777777777778,34
40.24444444444445,-73.06666666666666,23
40.24444444444445,-72.88888888888889,11
40.24444444444445,-72.82222222222222,11
40.25555555555555,-73.57777777777778,19
40.25555555555555,-73.44444444444444,13
40.25555555555555,-73.42222222222222,11
40.25555555555555,-73.41111111111111,14
40.25555555555555,-73.24444444444444,11
40.25555555555555,-73.12222222222222,14
40.25555555555555,-73.11111111111111,16
40.25555555555555,-73.1,39
40.25555555555555,-73.08888888888889,18
40.25555555555555,-73.07777777777778,18
40.25555555555555,-73.0111111111111,11
40.25555555555555,-72.87777777777778,11
40.25555555555555,-72.81111111111112,11
40.266666666666666,-73.56666666666666,22
40.266666666666666,-73.45555555555555,11
40.266666666666666,-73.44444444444444,11
40.266666666666666,-73.43333333333334,19
40.266666666666666,-73.42222222222222,15
40.266666666666666,-73.23333333333333,14
40.266666666666666,-73.13333333333334,21
40.266666666666666,-73.12222222222222,34
40.266666666666666,-73.11111111111111,31
40.266666666666666,-73.06666666666666,12
40.266666666666666,-73.0,13
40.266666666666666,-72.78888888888889,11
40.27777777777778,-73.55555555555556,20
40.27777777777778,-73.45555555555555,12
40.27777777777778,-73.44444444444444,19
40.27777777777778,-73.43333333333334,14
40.27777777777778,-73.15555555555555,19
40.27777777777778,-73.14444444444445,42
40.27777777777778,-73.13333333333334,17
40.27777777777778,-73.05555555555556,12
40.27777777777778,-72.9888888888889,11
40.27777777777778,-72.96666666666667,11
40.27777777777778,-72.85555555555555,11
40.27777777777778,-72.83333333333333,13
40.27777777777778,-72.77777777777777,11
40.28888888888889,-73.54444444444445,15
40.28888888888889,-73.53333333333333,11
40.28888888888889,-73.46666666666667,15
40.28888888888889,-73.45555555555555,18
40.28888888888889,-73.43333333333334,11
40.28888888888889,-73.17777777777778,24
40.28888888888889,-73.16666666666667,32
40.28888888888889,-73.15555555555555,22
40.28888888888889,-73.13333333333334,11
40.28888888888889,-73.04444444444445,11
40.28888888888889,-72.96666666666667,11
40.28888888888889,-72.82222222222222,11
40.3,-74.0,13
40.3,-73.53333333333333,15
40.3,-73.52222222222223,12
40.3,-73.47777777777777,12
40.3,-73.46666666666667,20
40.3,-73.45555555555555,12
40.3,-73.2,23
40.3,-73.18888888888888,41
40.3,-73.17777777777778,16
40.3,-72.95555555555555,11
40.3,-72.82222222222222,12
40.3,-72.8,11
40.31111111111111,-74.0,18
40.31111111111111,-73.9888888888889,11
40.31111111111111,-73.55555555555556,13
40.31111111111111,-73.52222222222223,18
40.31111111111111,-73.5111111111111,16
40.31111111111111,-73.5,11
40.31111111111111,-73.4888888888889,12
40.31111111111111,-73.47777777777777,17
40.31111111111111,-73.46666666666667,13
40.31111111111111,-73.45555555555555,11
40.31111111111111,-73.22222222222223,20
40.31111111111111,-73.21111111111111,46
40.31111111111111,-73.2,23
40.31111111111111,-72.78888888888889,17
40.31111111111111,-72.74444444444444,11
40.32222222222222,-74.0,11
40.32222222222222,-73.9888888888889,13
40.32222222222222,-73.55555555555556,13
40.32222222222222,-73.5111111111111,15
40.32222222222222,-73.5,22
40.32222222222222,-73.4888888888889,12
40.32222222222222,-73.47777777777777,16
40.32222222222222,-73.24444444444444,23
40.32222222222222,-73.23333333333333,42
40.32222222222222,-73.22222222222223,21
40.32222222222222,-72.91111111111111,13
40.32222222222222,-72.76666666666667,12
40.32222222222222,-72.72222222222223,12
40.333333333333336,-74.0,14
40.333333333333336,-73.96666666666667,13
40.333333333333336,-73.53333333333333,13
40.333333333333336,-73.52222222222223,16
40.333333333333336,-73.5111111111111,13
40.333333333333336,-73.5,25
40.333333333333336,-73.4888888888889,33
40.333333333333336,-73.26666666666667,22
40.333333333333336,-73.25555555555556,36
40.333333333333336,-73.24444444444444,22
40.333333333333336,-72.77777777777777,14
40.333333333333336,-72.75555555555556,16
40.34444444444444,-74.0,12
40.34444444444444,-73.93333333333334,12
40.34444444444444,-73.5111111111111,25
40.34444444444444,-73.5,24
40.34444444444444,-73.4888888888889,12
40.34444444444444,-73.47777777777777,25
40.34444444444444,-73.28888888888889,23
40.34444444444444,-73.27777777777777,40
40.34444444444444,-73.26666666666667,23
40.34444444444444,-72.97777777777777,16
40.34444444444444,-72.87777777777778,15
40.34444444444444,-72.75555555555556,11
40.34444444444444,-72.73333333333333,11
40.355555555555554,-74.0,11
40.355555555555554,-73.9888888888889,11
40.355555555555554,-73.94444444444444,12
40.355555555555554,-73.55555555555556,11
40.355555555555554,-73.52222222222223,11
40.355555555555554,-73.5111111111111,18
40.355555555555554,-73.4888888888889,24
40.355555555555554,-73.47777777777777,15
40.355555555555554,-73.46666666666667,17
40.355555555555554,-73.31111111111112,19
40.355555555555554,-73.3,40
40.355555555555554,-73.28888888888889,27
40.355555555555554,-72.86666666666666,11
40.355555555555554,-72.72222222222223,13
40.355555555555554,-72.67777777777778,14
40.36666666666667,-74.0,14
40.36666666666667,-73.93333333333334,12
40.36666666666667,-73.53333333333333,12
40.36666666666667,-73.52222222222223,21
40.36666666666667,-73.47777777777777,11
40.36666666666667,-73.46666666666667,31
40.36666666666667,-73.45555555555555,12
40.36666666666667,-73.33333333333333,12
40.36666666666667,-73.32222222222222,29
40.36666666666667,-73.31111111111112,26
40.36666666666667,-73.27777777777777,11
40.36666666666667,-72.95555555555555,12
40.36666666666667,-72.84444444444445,11
40.36666666666667,-72.83333333333333,11
40.36666666666667,-72.72222222222223,11
40.36666666666667,-72.71111111111111,11
40.37777777777778,-73.97777777777777,20
40.37777777777778,-73.96666666666667,11
40.37777777777778,-73.91111111111111,15
40.37777777777778,-73.57777777777778,12
40.37777777777778,-73.54444444444445,15
40.37777777777778,-73.53333333333333,17
40.37777777777778,-73.45555555555555,45
40.37777777777778,-73.35555555555555,17
40.37777777777778,-73.34444444444445,21
40.37777777777778,-73.33333333333333,35
40.37777777777778,-72.72222222222223,11
40.37777777777778,-72.7,11
40.37777777777778,-72.68888888888888,13
40.388888888888886,-73.96666666666667,14
40.388888888888886,-73.92222222222222,11
40.388888888888886,-73.9,12
40.388888888888886,-73.88888888888889,11
40.388888888888886,-73.55555555555556,20
40.388888888888886,-73.54444444444445,14
40.388888888888886,-73.45555555555555,19
40.388888888888886,-73.44444444444444,20
40.388888888888886,-73.37777777777778,15
40.388888888888886,-73.36666666666666,24
40.388888888888886,-73.35555555555555,29
40.388888888888886,-73.34444444444445,15
40.388888888888886,-72.93333333333334,11
40.388888888888886,-72.66666666666667,11
40.4,-73.95555555555555,14
40.4,-73.92222222222222,11
40.4,-73.88888888888889,12
40.4,-73.56666666666666,19
40.4,-73.55555555555556,11
40.4,-73.44444444444444,48
40.4,-73.4,14
40.4,-73.38888888888889,16
40.4,-73.37777777777778,24
40.4,-73.36666666666666,15
40.4,-72.78888888888889,14
40.4,-72.68888888888888,11
40.41111111111111,-74.0,19
40.41111111111111,-73.9888888888889,11
40.41111111111111,-73.97777777777777,11
40.41111111111111,-73.96666666666667,12
40.41111111111111,-73.95555555555555,16
40.41111111111111,-73.94444444444444,16
40.41111111111111,-73.93333333333334,12
40.41111111111111,-73.91111111111111,11
40.41111111111111,-73.9,15
40.41111111111111,-73.88888888888889,11
40.41111111111111,-73.87777777777778,14
40.41111111111111,-73.86666666666666,14
40.41111111111111,-73.57777777777778,23
40.41111111111111,-73.56666666666666,13
40.41111111111111,-73.44444444444444,35
40.41111111111111,-73.43333333333334,15
40.41111111111111,-73.42222222222222,13
40.41111111111111,-73.41111111111111,24
40.41111111111111,-73.4,15
40.41111111111111,-73.38888888888889,22
40.41111111111111,-72.9,15
40.41111111111111,-72.77777777777777,11
40.41111111111111,-72.67777777777778,11
40.41111111111111,-72.65555555555555,11
40.422222222222224,-74.0,31
40.422222222222224,-73.9888888888889,23
40.422222222222224,-73.97777777777777,14
40.422222222222224,-73.96666666666667,15
40.422222222222224,-73.94444444444444,12
40.422222222222224,-73.93333333333334,17
40.422222222222224,-73.92222222222222,12
40.422222222222224,-73.88888888888889,12
40.422222222222224,-73.87777777777778,13
40.422222222222224,-73.86666666666666,12
40.422222222222224,-73.85555555555555,12
40.422222222222224,-73.84444444444445,12
40.422222222222224,-73.83333333333333,11
40.422222222222224,-73.58888888888889,17
40.422222222222224,-73.53333333333333,11
40.422222222222224,-73.45555555555555,13
40.422222222222224,-73.44444444444444,15
40.422222222222224,-73.43333333333334,48
40.422222222222224,-73.42222222222222,19
40.422222222222224,-73.41111111111111,16
40.422222222222224,-73.4,12
40.422222222222224,-72.88888888888889,12
40.422222222222224,-72.66666666666667,12
40.422222222222224,-72.64444444444445,13
40.422222222222224,-72.57777777777778,11
40.43333333333333,-74.0,20
40.43333333333333,-73.9888888888889,28
40.43333333333333,-73.97777777777777,13
40.43333333333333,-73.96666666666667,26
40.43333333333333,-73.95555555555555,15
40.43333333333333,-73.94444444444444,20
40.43333333333333,-73.93333333333334,27
40.43333333333333,-73.92222222222222,17
40.43333333333333,-73.9,13
40.43333333333333,-73.88888888888889,14
40.43333333333333,-73.87777777777778,16
40.43333333333333,-73.67777777777778,11
40.43333333333333,-73.6,12
40.43333333333333,-73.58888888888889,13
40.43333333333333,-73.46666666666667,18
40.43333333333333,-73.45555555555555,17
40.43333333333333,-73.44444444444444,13
40.43333333333333,-73.43333333333334,51
40.43333333333333,-73.42222222222222,16
40.43333333333333,-72.62222222222222,11
40.44444444444444,-74.0,15
40.44444444444444,-73.9888888888889,19
40.44444444444444,-73.97777777777777,21
40.44444444444444,-73.96666666666667,22
40.44444444444444,-73.95555555555555,20
40.44444444444444,-73.94444444444444,17
40.44444444444444,-73.93333333333334,14
40.44444444444444,-73.92222222222222,24
40.44444444444444,-73.91111111111111,18
40.44444444444444,-73.87777777777778,11
40.44444444444444,-73.86666666666666,14
40.44444444444444,-73.85555555555555,17
40.44444444444444,-73.62222222222222,12
40.44444444444444,-73.61111111111111,14
40.44444444444444,-73.6,11
40.44444444444444,-73.5,12
40.44444444444444,-73.4888888888889,11
40.44444444444444,-73.47777777777777,12
40.44444444444444,-73.46666666666667,17
40.44444444444444,-73.45555555555555,12
40.44444444444444,-73.44444444444444,15
40.44444444444444,-73.43333333333334,41
40.44444444444444,-73.42222222222222,11
40.44444444444444,-72.86666666666666,11
40.44444444444444,-72.73333333333333,12
40.44444444444444,-72.64444444444445,11
40.455555555555556,-74.0,13
40.455555555555556,-73.9888888888889,13
40.455555555555556,-73.96666666666667,16
40.455555555555556,-73.95555555555555,17
40.455555555555556,-73.94444444444444,34
40.455555555555556,-73.93333333333334,15
40.455555555555556,-73.92222222222222,19
40.455555555555556,-73.91111111111111,15
40.455555555555556,-73.9,12
40.455555555555556,-73.87777777777778,11
40.455555555555556,-73.63333333333334,11
40.455555555555556,-73.62222222222222,12
40.455555555555556,-73.61111111111111,18
40.455555555555556,-73.5111111111111,11
40.455555555555556,-73.4888888888889,14
40.455555555555556,-73.47777777777777,16
40.455555555555556,-73.46666666666667,14
40.455555555555556,-73.42222222222222,33
40.455555555555556,-72.7,13
40.455555555555556,-72.58888888888889,11
40.46666666666667,-74.0,16
40.46666666666667,-73.9888888888889,11
40.46666666666667,-73.97777777777777,12
40.46666666666667,-73.95555555555555,13
40.46666666666667,-73.94444444444444,15
40.46666666666667,-73.93333333333334,15
40.46666666666667,-73.92222222222222,26
40.46666666666667,-73.91111111111111,28
40.46666666666667,-73.9,23
40.46666666666667,-73.84444444444445,13
40.46666666666667,-73.83333333333333,12
40.46666666666667,-73.62222222222222,11
40.46666666666667,-73.55555555555556,13
40.46666666666667,-73.53333333333333,15
40.46666666666667,-73.5,12
40.46666666666667,-73.4888888888889,16
40.46666666666667,-73.42222222222222,42
40.46666666666667,-72.68888888888888,11
40.46666666666667,-72.57777777777778,16
40.477777777777774,-74.0,15
40.477777777777774,-73.96666666666667,14
40.477777777777774,-73.95555555555555,15
40.477777777777774,-73.94444444444444,12
40.477777777777774,-73.92222222222222,13
40.477777777777774,-73.91111111111111,21
40.477777777777774,-73.9,28
40.477777777777774,-73.88888888888889,14
40.477777777777774,-73.87777777777778,12
40.477777777777774,-73.82222222222222,14
40.477777777777774,-73.6,15
40.477777777777774,-73.5,13
40.477777777777774,-73.42222222222222,23
40.477777777777774,-73.41111111111111,24
40.477777777777774,-72.66666666666667,18
40.477777777777774,-72.55555555555556,14
40.477777777777774,-72.5111111111111,11
40.48888888888889,-74.0,31
40.48888888888889,-73.9888888888889,13
40.48888888888889,-73.97777777777777,12
40.48888888888889,-73.93333333333334,15
40.48888888888889,-73.92222222222222,19
40.48888888888889,-73.91111111111111,17
40.48888888888889,-73.88888888888889,24
40.48888888888889,-73.87777777777778,15
40.48888888888889,-73.86666666666666,12
40.48888888888889,-73.85555555555555,13
40.48888888888889,-73.81111111111112,11
40.48888888888889,-73.58888888888889,11
40.48888888888889,-73.52222222222223,14
40.48888888888889,-73.5111111111111,11
40.48888888888889,-73.41111111111111,25
40.48888888888889,-72.81111111111112,14
40.48888888888889,-72.65555555555555,11
40.48888888888889,-72.55555555555556,12
40.5,-74.0,44
40.5,-73.9888888888889,53
40.5,-73.97777777777777,14
40.5,-73.96666666666667,15
40.5,-73.95555555555555,12
40.5,-73.93333333333334,20
40.5,-73.92222222222222,13
40.5,-73.91111111111111,12
40.5,-73.88888888888889,15
40.5,-73.87777777777778,12
40.5,-73.86666666666666,15
40.5,-73.85555555555555,15
40.5,-73.54444444444445,12
40.5,-73.41111111111111,45
40.5,-72.63333333333334,15
40.5,-72.53333333333333,15
40.5,-72.4888888888889,13
40.51111111111111,-74.0,55
40.51111111111111,-73.9888888888889,33
40.51111111111111,-73.97777777777777,61
40.51111111111111,-73.96666666666667,14
40.51111111111111,-73.94444444444444,15
40.51111111111111,-73.93333333333334,23
40.51111111111111,-73.92222222222222,18
40.51111111111111,-73.91111111111111,13
40.51111111111111,-73.86666666666666,19
40.51111111111111,-73.84444444444445,14
40.51111111111111,-73.83333333333333,14
40.51111111111111,-73.56666666666666,11
40.51111111111111,-73.4,25
40.51111111111111,-72.78888888888889,14
40.51111111111111,-72.5111111111111,13
40.51111111111111,-72.46666666666667,11
40.522222222222226,-74.0,18
40.522222222222226,-73.9888888888889,27
40.522222222222226,-73.97777777777777,30
40.522222222222226,-73.96666666666667,64
40.522222222222226,-73.95555555555555,24
40.522222222222226,-73.94444444444444,20
40.522222222222226,-73.93333333333334,11
40.522222222222226,-73.9,14
40.522222222222226,-73.88888888888889,11
40.522222222222226,-73.86666666666666,13
40.522222222222226,-73.82222222222222,14
40.522222222222226,-73.81111111111112,14
40.522222222222226,-73.77777777777777,11
40.522222222222226,-73.55555555555556,13
40.522222222222226,-73.4,36
40.522222222222226,-72.77777777777777,11
40.522222222222226,-72.6,15
40.522222222222226,-72.5,11
40.522222222222226,-72.4888888888889,13
40.522222222222226,-72.45555555555555,12
40.53333333333333,-74.0,12
40.53333333333333,-73.9888888888889,12
40.53333333333333,-73.97777777777777,15
40.53333333333333,-73.96666666666667,38
40.53333333333333,-73.95555555555555,66
40.53333333333333,-73.94444444444444,35
40.53333333333333,-73.93333333333334,20
40.53333333333333,-73.87777777777778,18
40.53333333333333,-73.85555555555555,12
40.53333333333333,-73.8,14
40.53333333333333,-73.78888888888889,14
40.53333333333333,-73.4,44
40.53333333333333,-72.5111111111111,11
40.544444444444444,-74.0,27
40.544444444444444,-73.9888888888889,13
40.544444444444444,-73.97777777777777,12
40.544444444444444,-73.96666666666667,12
40.544444444444444,-73.95555555555555,35
40.544444444444444,-73.94444444444444,59
40.544444444444444,-73.93333333333334,27
40.544444444444444,-73.92222222222222,20
40.544444444444444,-73.91111111111111,12
40.544444444444444,-73.85555555555555,12
40.544444444444444,-73.77777777777777,16
40.544444444444444,-73.76666666666667,22
40.544444444444444,-73.4,13
40.544444444444444,-73.38888888888889,27
40.544444444444444,-72.75555555555556,11
40.544444444444444,-72.56666666666666,13
40.544444444444444,-72.44444444444444,13
40.55555555555556,-74.0,25
40.55555555555556,-73.9888888888889,16
40.55555555555556,-73.97777777777777,13
40.55555555555556,-73.96666666666667,14
40.55555555555556,-73.95555555555555,14
40.55555555555556,-73.94444444444444,43
40.55555555555556,-73.93333333333334,30
40.55555555555556,-73.92222222222222,34
40.55555555555556,-73.91111111111111,24
40.55555555555556,-73.9,14
40.55555555555556,-73.76666666666667,13
40.55555555555556,-73.75555555555556,16
40.55555555555556,-73.74444444444444,28
40.55555555555556,-73.63333333333334,12
40.55555555555556,-73.38888888888889,47
40.55555555555556,-73.33333333333333,11
40.55555555555556,-73.11111111111111,16
40.55555555555556,-73.06666666666666,18
40.55555555555556,-73.04444444444445,14
40.55555555555556,-72.73333333333333,11
40.55555555555556,-72.54444444444445,14
40.55555555555556,-72.44444444444444,12
40.55555555555556,-72.41111111111111,11
40.56666666666667,-74.0,24
40.56666666666667,-73.9888888888889,19
40.56666666666667,-73.96666666666667,19
40.56666666666667,-73.95555555555555,23
40.56666666666667,-73.94444444444444,11
40.56666666666667,-73.93333333333334,36
40.56666666666667,-73.92222222222222,11
40.56666666666667,-73.91111111111111,26
40.56666666666667,-73.9,25
40.56666666666667,-73.88888888888889,15
40.56666666666667,-73.87777777777778,13
40.56666666666667,-73.83333333333333,12
40.56666666666667,-73.82222222222222,13
40.56666666666667,-73.74444444444444,15
40.56666666666667,-73.73333333333333,24
40.56666666666667,-73.72222222222223,19
40.56666666666667,-73.71111111111111,14
40.56666666666667,-73.65555555555555,13
40.56666666666667,-73.38888888888889,32
40.56666666666667,-73.37777777777778,11
40.56666666666667,-73.31111111111112,14
40.56666666666667,-73.28888888888889,11
40.56666666666667,-73.26666666666667,13
40.56666666666667,-73.0,13
40.56666666666667,-72.97777777777777,11
40.56666666666667,-72.96666666666667,16
40.56666666666667,-72.72222222222223,11
40.56666666666667,-72.55555555555556,12
40.56666666666667,-72.53333333333333,12
40.56666666666667,-72.42222222222222,11
40.56666666666667,-72.41111111111111,11
40.577777777777776,-74.0,18
40.577777777777776,-73.9888888888889,14
40.577777777777776,-73.97777777777777,20
40.577777777777776,-73.96666666666667,26
40.577777777777776,-73.95555555555555,15
40.577777777777776,-73.94444444444444,18
40.577777777777776,-73.93333333333334,12
40.577777777777776,-73.92222222222222,31
40.577777777777776,-73.9,15
40.577777777777776,-73.88888888888889,35
40.577777777777776,-73.87777777777778,18
40.577777777777776,-73.86666666666666,14
40.577777777777776,-73.82222222222222,14
40.577777777777776,-73.72222222222223,23
40.577777777777776,-73.71111111111111,25
40.577777777777776,-73.7,15
40.577777777777776,-73.68888888888888,14
40.577777777777776,-73.67777777777778,18
40.577777777777776,-73.37777777777778,38
40.577777777777776,-72.95555555555555,12
40.577777777777776,-72.94444444444444,11
40.577777777777776,-72.92222222222222,12
40.577777777777776,-72.81111111111112,12
40.577777777777776,-72.71111111111111,15
40.577777777777776,-72.5111111111111,11
40.577777777777776,-72.45555555555555,11
40.58888888888889,-74.0,15
40.58888888888889,-73.97777777777777,22
40.58888888888889,-73.96666666666667,16
40.58888888888889,-73.95555555555555,25
40.58888888888889,-73.94444444444444,12
40.58888888888889,-73.93333333333334,13
40.58888888888889,-73.91111111111111,16
40.58888888888889,-73.87777777777778,18
40.58888888888889,-73.86666666666666,33
40.58888888888889,-73.85555555555555,17
40.58888888888889,-73.84444444444445,14
40.58888888888889,-73.81111111111112,14
40.58888888888889,-73.71111111111111,22
40.58888888888889,-73.7,28
40.58888888888889,-73.68888888888888,26
40.58888888888889,-73.67777777777778,13
40.58888888888889,-73.65555555555555,11
40.58888888888889,-73.37777777777778,36
40.58888888888889,-72.94444444444444,11
40.58888888888889,-72.9,12
40.58888888888889,-72.87777777777778,13
40.58888888888889,-72.7,14
40.58888888888889,-72.4888888888889,12
40.58888888888889,-72.41111111111111,11
40.58888888888889,-72.36666666666666,12
40.58888888888889,-72.35555555555555,11
40.6,-74.0,16
40.6,-73.9888888888889,14
40.6,-73.97777777777777,15
40.6,-73.96666666666667,18
40.6,-73.95555555555555,14
40.6,-73.94444444444444,15
40.6,-73.93333333333334,15
40.6,-73.92222222222222,11
40.6,-73.91111111111111,26
40.6,-73.85555555555555,27
40.6,-73.84444444444445,17
40.6,-73.83333333333333,13
40.6,-73.82222222222222,14
40.6,-73.78888888888889,13
40.6,-73.72222222222223,19
40.6,-73.71111111111111,30
40.6,-73.7,21
40.6,-73.68888888888888,20
40.6,-73.67777777777778,15
40.6,-73.66666666666667,21
40.6,-73.65555555555555,19
40.6,-73.37777777777778,26
40.6,-73.36666666666666,12
40.6,-72.85555555555555,11
40.6,-72.68888888888888,11
40.6,-72.35555555555555,12
40.611111111111114,-74.0,12
40.611111111111114,-73.9888888888889,14
40.611111111111114,-73.97777777777777,15
40.611111111111114,-73.96666666666667,13
40.611111111111114,-73.92222222222222,16
40.611111111111114,-73.91111111111111,13
40.611111111111114,-73.85555555555555,12
40.611111111111114,-73.84444444444445,23
40.611111111111114,-73.83333333333333,32
40.611111111111114,-73.81111111111112,11
40.611111111111114,-73.8,14
40.611111111111114,-73.78888888888889,12
40.611111111111114,-73.77777777777777,15
40.611111111111114,-73.73333333333333,13
40.611111111111114,-73.72222222222223,11
40.611111111111114,-73.71111111111111,12
40.611111111111114,-73.7,17
40.611111111111114,-73.68888888888888,20
40.611111111111114,-73.67777777777778,15
40.611111111111114,-73.66666666666667,11
40.611111111111114,-73.65555555555555,14
40.611111111111114,-73.64444444444445,18
40.611111111111114,-73.36666666666666,40
40.611111111111114,-72.67777777777778,11
40.611111111111114,-72.45555555555555,11
40.611111111111114,-72.37777777777778,13
40.611111111111114,-72.33333333333333,14
40.62222222222222,-74.0,11
40.62222222222222,-73.9888888888889,18
40.62222222222222,-73.97777777777777,18
40.62222222222222,-73.88888888888889,11
40.62222222222222,-73.83333333333333,14
40.62222222222222,-73.82222222222222,34
40.62222222222222,-73.81111111111112,28
40.62222222222222,-73.8,12
40.62222222222222,-73.78888888888889,13
40.62222222222222,-73.77777777777777,16
40.62222222222222,-73.75555555555556,17
40.62222222222222,-73.71111111111111,13
40.62222222222222,-73.7,13
40.62222222222222,-73.68888888888888,20
40.62222222222222,-73.67777777777778,21
40.62222222222222,-73.66666666666667,15
40.62222222222222,-73.65555555555555,13
40.62222222222222,-73.63333333333334,21
40.62222222222222,-73.62222222222222,15
40.62222222222222,-73.36666666666666,34
40.62222222222222,-72.77777777777777,14
40.62222222222222,-72.44444444444444,14
40.62222222222222,-72.32222222222222,11
40.63333333333333,-74.0,12
40.63333333333333,-73.9888888888889,16
40.63333333333333,-73.97777777777777,15
40.63333333333333,-73.9,15
40.63333333333333,-73.81111111111112,15
40.63333333333333,-73.8,36
40.63333333333333,-73.78888888888889,25
40.63333333333333,-73.77777777777777,18
40.63333333333333,-73.76666666666667,31
40.63333333333333,-73.71111111111111,11
40.63333333333333,-73.68888888888888,13
40.63333333333333,-73.67777777777778,12
40.63333333333333,-73.66666666666667,26
40.63333333333333,-73.65555555555555,18
40.63333333333333,-73.61111111111111,22
40.63333333333333,-73.6,18
40.63333333333333,-73.36666666666666,19
40.63333333333333,-73.35555555555555,22
40.63333333333333,-72.72222222222223,12
40.63333333333333,-72.64444444444445,12
40.63333333333333,-72.42222222222222,12
40.63333333333333,-72.34444444444445,11
40.63333333333333,-72.3,13
40.644444444444446,-74.0,15
40.644444444444446,-73.9888888888889,14
40.644444444444446,-73.97777777777777,13
40.644444444444446,-73.87777777777778,11
40.644444444444446,-73.81111111111112,11
40.644444444444446,-73.78888888888889,36
40.644444444444446,-73.77777777777777,34
40.644444444444446,-73.76666666666667,22
40.644444444444446,-73.75555555555556,15
40.644444444444446,-73.74444444444444,18
40.644444444444446,-73.73333333333333,14
40.644444444444446,-73.72222222222223,14
40.644444444444446,-73.71111111111111,13
40.644444444444446,-73.7,12
40.644444444444446,-73.66666666666667,16
40.644444444444446,-73.65555555555555,14
40.644444444444446,-73.64444444444445,14
40.644444444444446,-73.58888888888889,21
40.644444444444446,-73.57777777777778,15
40.644444444444446,-73.44444444444444,13
40.644444444444446,-73.35555555555555,33
40.644444444444446,-72.68888888888888,11
40.644444444444446,-72.66666666666667,12
40.644444444444446,-72.63333333333334,12
40.644444444444446,-72.41111111111111,15
40.644444444444446,-72.31111111111112,11
40.644444444444446,-72.28888888888889,13
40.65555555555556,-74.0,16
40.65555555555556,-73.85555555555555,11
40.65555555555556,-73.83333333333333,17
40.65555555555556,-73.82222222222222,11
40.65555555555556,-73.77777777777777,14
40.65555555555556,-73.76666666666667,39
40.65555555555556,-73.75555555555556,22
40.65555555555556,-73.74444444444444,20
40.65555555555556,-73.73333333333333,19
40.65555555555556,-73.72222222222223,17
40.65555555555556,-73.71111111111111,17
40.65555555555556,-73.7,14
40.65555555555556,-73.67777777777778,12
40.65555555555556,-73.66666666666667,13
40.65555555555556,-73.64444444444445,17
40.65555555555556,-73.63333333333334,11
40.65555555555556,-73.57777777777778,15
40.65555555555556,-73.56666666666666,17
40.65555555555556,-73.55555555555556,18
40.65555555555556,-73.43333333333334,13
40.65555555555556,-73.35555555555555,37
40.65555555555556,-72.62222222222222,16
40.65555555555556,-72.38888888888889,13
40.65555555555556,-72.3,11
40.666666666666664,-74.0,41
40.666666666666664,-73.9888888888889,16
40.666666666666664,-73.85555555555555,11
40.666666666666664,-73.81111111111112,17
40.666666666666664,-73.8,13
40.666666666666664,-73.75555555555556,16
40.666666666666664,-73.74444444444444,49
40.666666666666664,-73.73333333333333,28
40.666666666666664,-73.72222222222223,35
40.666666666666664,-73.71111111111111,14
40.666666666666664,-73.7,17
40.666666666666664,-73.68888888888888,15
40.666666666666664,-73.66666666666667,14
40.666666666666664,-73.64444444444445,11
40.666666666666664,-73.63333333333334,14
40.666666666666664,-73.62222222222222,16
40.666666666666664,-73.58888888888889,11
40.666666666666664,-73.55555555555556,15
40.666666666666664,-73.54444444444445,22
40.666666666666664,-73.53333333333333,13
40.666666666666664,-73.42222222222222,12
40.666666666666664,-73.34444444444445,34
40.666666666666664,-72.61111111111111,12
40.666666666666664,-72.6,13
40.666666666666664,-72.37777777777778,12
40.666666666666664,-72.36666666666666,11
40.666666666666664,-72.27777777777777,11
40.67777777777778,-74.0,13
40.67777777777778,-73.9888888888889,24
40.67777777777778,-73.97777777777777,13
40.67777777777778,-73.83333333333333,12
40.67777777777778,-73.82222222222222,12
40.67777777777778,-73.8,11
40.67777777777778,-73.78888888888889,11
40.67777777777778,-73.75555555555556,12
40.67777777777778,-73.74444444444444,12
40.67777777777778,-73.73333333333333,30
40.67777777777778,-73.72222222222223,42
40.67777777777778,-73.71111111111111,21
40.67777777777778,-73.7,25
40.67777777777778,-73.68888888888888,17
40.67777777777778,-73.67777777777778,12
40.67777777777778,-73.63333333333334,11
40.67777777777778,-73.62222222222222,21
40.67777777777778,-73.57777777777778,11
40.67777777777778,-73.53333333333333,18
40.67777777777778,-73.52222222222223,22
40.67777777777778,-73.5111111111111,12
40.67777777777778,-73.41111111111111,12
40.67777777777778,-73.34444444444445,38
40.67777777777778,-73.0,13
40.67777777777778,-72.9888888888889,13
40.67777777777778,-72.35555555555555,17
40.67777777777778,-72.27777777777777,12
40.67777777777778,-72.25555555555556,11
40.68888888888889,-74.0,11
40.68888888888889,-73.97777777777777,23
40.68888888888889,-73.96666666666667,17
40.68888888888889,-73.95555555555555,12
40.68888888888889,-73.81111111111112,12
40.68888888888889,-73.77777777777777,12
40.68888888888889,-73.75555555555556,14
40.68888888888889,-73.74444444444444,12
40.68888888888889,-73.73333333333333,20
40.68888888888889,-73.72222222222223,24
40.68888888888889,-73.71111111111111,39
40.68888888888889,-73.7,32
40.68888888888889,-73.68888888888888,20
40.68888888888889,-73.66666666666667,11
40.68888888888889,-73.62222222222222,11
40.68888888888889,-73.61111111111111,21
40.68888888888889,-73.6,11
40.68888888888889,-73.54444444444445,12
40.68888888888889,-73.53333333333333,12
40.68888888888889,-73.5111111111111,17
40.68888888888889,-73.5,22
40.68888888888889,-73.4,14
40.68888888888889,-73.34444444444445,33
40.68888888888889,-72.9888888888889,11
40.68888888888889,-72.34444444444445,12
40.68888888888889,-72.33333333333333,13
40.68888888888889,-72.23333333333333,12
40.7,-74.0,14
40.7,-73.96666666666667,36
40.7,-73.95555555555555,27
40.7,-73.77777777777777,13
40.7,-73.75555555555556,15
40.7,-73.74444444444444,17
40.7,-73.71111111111111,18
40.7,-73.7,34
40.7,-73.68888888888888,32
40.7,-73.67777777777778,26
40.7,-73.61111111111111,18
40.7,-73.6,21
40.7,-73.58888888888889,20
40.7,-73.55555555555556,15
40.7,-73.52222222222223,15
40.7,-73.4888888888889,15
40.7,-73.47777777777777,19
40.7,-73.33333333333333,40
40.7,-72.93333333333334,19
40.7,-72.32222222222222,12
40.7,-72.24444444444444,11
40.7,-72.22222222222223,13
40.71111111111111,-74.0,13
40.71111111111111,-73.9888888888889,29
40.71111111111111,-73.97777777777777,36
40.71111111111111,-73.95555555555555,15
40.71111111111111,-73.94444444444444,20
40.71111111111111,-73.77777777777777,15
40.71111111111111,-73.76666666666667,17
40.71111111111111,-73.75555555555556,25
40.71111111111111,-73.74444444444444,19
40.71111111111111,-73.73333333333333,12
40.71111111111111,-73.72222222222223,18
40.71111111111111,-73.68888888888888,22
40.71111111111111,-73.67777777777778,38
40.71111111111111,-73.66666666666667,31
40.71111111111111,-73.65555555555555,22
40.71111111111111,-73.64444444444445,11
40.71111111111111,-73.63333333333334,13
40.71111111111111,-73.58888888888889,18
40.71111111111111,-73.57777777777778,18
40.71111111111111,-73.55555555555556,13
40.71111111111111,-73.54444444444445,16
40.71111111111111,-73.52222222222223,14
40.71111111111111,-73.46666666666667,15
40.71111111111111,-73.45555555555555,18
40.71111111111111,-73.44444444444444,11
40.71111111111111,-73.38888888888889,11
40.71111111111111,-73.37777777777778,12
40.71111111111111,-73.33333333333333,37
40.71111111111111,-72.95555555555555,13
40.71111111111111,-72.91111111111111,15
40.71111111111111,-72.88888888888889,12
40.71111111111111,-72.55555555555556,12
40.71111111111111,-72.3,12
40.71111111111111,-72.24444444444444,11
40.72222222222222,-74.0,21
40.72222222222222,-73.9888888888889,25
40.72222222222222,-73.96666666666667,13
40.72222222222222,-73.94444444444444,21
40.72222222222222,-73.93333333333334,17
40.72222222222222,-73.77777777777777,14
40.72222222222222,-73.75555555555556,19
40.72222222222222,-73.74444444444444,17
40.72222222222222,-73.73333333333333,18
40.72222222222222,-73.72222222222223,12
40.72222222222222,-73.71111111111111,13
40.72222222222222,-73.7,11
40.72222222222222,-73.66666666666667,28
40.72222222222222,-73.65555555555555,28
40.72222222222222,-73.64444444444445,23
40.72222222222222,-73.63333333333334,18
40.72222222222222,-73.62222222222222,13
40.72222222222222,-73.6,11
40.72222222222222,-73.58888888888889,20
40.72222222222222,-73.57777777777778,23
40.72222222222222,-73.56666666666666,22
40.72222222222222,-73.5111111111111,15
40.72222222222222,-73.44444444444444,15
40.72222222222222,-73.43333333333334,19
40.72222222222222,-73.36666666666666,14
40.72222222222222,-73.33333333333333,32
40.72222222222222,-72.94444444444444,11
40.72222222222222,-72.88888888888889,12
40.72222222222222,-72.86666666666666,11
40.72222222222222,-72.32222222222222,11
40.72222222222222,-72.28888888888889,12
40.72222222222222,-72.27777777777777,13
40.72222222222222,-72.21111111111111,12
40.72222222222222,-72.18888888888888,11
40.733333333333334,-74.0,16
40.733333333333334,-73.9888888888889,13
40.733333333333334,-73.97777777777777,12
40.733333333333334,-73.96666666666667,11
40.733333333333334,-73.95555555555555,14
40.733333333333334,-73.93333333333334,11
40.733333333333334,-73.92222222222222,21
40.733333333333334,-73.78888888888889,12
40.733333333333334,-73.76666666666667,21
40.733333333333334,-73.75555555555556,24
40.733333333333334,-73.74444444444444,12
40.733333333333334,-73.73333333333333,17
40.733333333333334,-73.72222222222223,18
40.733333333333334,-73.64444444444445,40
40.733333333333334,-73.63333333333334,28
40.733333333333334,-73.62222222222222,21
40.733333333333334,-73.57777777777778,21
40.733333333333334,-73.56666666666666,34
40.733333333333334,-73.55555555555556,20
40.733333333333334,-73.53333333333333,12
40.733333333333334,-73.52222222222223,13
40.733333333333334,-73.42222222222222,19
40.733333333333334,-73.41111111111111,23
40.733333333333334,-73.32222222222222,36
40.733333333333334,-72.91111111111111,14
40.733333333333334,-72.86666666666666,11
40.733333333333334,-72.83333333333333,15
40.733333333333334,-72.53333333333333,12
40.733333333333334,-72.3,11
40.733333333333334,-72.26666666666667,12
40.733333333333334,-72.21111111111111,11
40.733333333333334,-72.17777777777778,11
40.74444444444445,-73.9888888888889,14
40.74444444444445,-73.96666666666667,16
40.74444444444445,-73.95555555555555,11
40.74444444444445,-73.94444444444444,11
40.74444444444445,-73.93333333333334,12
40.74444444444445,-73.91111111111111,20
40.74444444444445,-73.8,14
40.74444444444445,-73.78888888888889,18
40.74444444444445,-73.77777777777777,13
40.74444444444445,-73.75555555555556,14
40.74444444444445,-73.73333333333333,19
40.74444444444445,-73.63333333333334,21
40.74444444444445,-73.62222222222222,44
40.74444444444445,-73.61111111111111,34
40.74444444444445,-73.6,20
40.74444444444445,-73.57777777777778,13
40.74444444444445,-73.56666666666666,17
40.74444444444445,-73.55555555555556,29
40.74444444444445,-73.54444444444445,17
40.74444444444445,-73.53333333333333,11
40.74444444444445,-73.52222222222223,14
40.74444444444445,-73.5111111111111,13
40.74444444444445,-73.4,18
40.74444444444445,-73.38888888888889,22
40.74444444444445,-73.34444444444445,12
40.74444444444445,-73.32222222222222,45
40.74444444444445,-72.97777777777777,13
40.74444444444445,-72.81111111111112,11
40.74444444444445,-72.8,11
40.74444444444445,-72.28888888888889,12
40.74444444444445,-72.26666666666667,13
40.74444444444445,-72.24444444444444,13
40.74444444444445,-72.23333333333333,11
40.74444444444445,-72.18888888888888,12
40.74444444444445,-72.16666666666667,12
40.75555555555555,-74.0,14
40.75555555555555,-73.9888888888889,13
40.75555555555555,-73.97777777777777,15
40.75555555555555,-73.9,23
40.75555555555555,-73.82222222222222,19
40.75555555555555,-73.81111111111112,18
40.75555555555555,-73.8,17
40.75555555555555,-73.78888888888889,14
40.75555555555555,-73.61111111111111,23
40.75555555555555,-73.6,53
40.75555555555555,-73.58888888888889,28
40.75555555555555,-73.57777777777778,24
40.75555555555555,-73.56666666666666,14
40.75555555555555,-73.55555555555556,19
40.75555555555555,-73.54444444444445,43
40.75555555555555,-73.53333333333333,15
40.75555555555555,-73.52222222222223,13
40.75555555555555,-73.5111111111111,14
40.75555555555555,-73.37777777777778,19
40.75555555555555,-73.36666666666666,24
40.75555555555555,-73.34444444444445,12
40.75555555555555,-73.33333333333333,13
40.75555555555555,-73.32222222222222,20
40.75555555555555,-73.31111111111112,23
40.75555555555555,-72.96666666666667,16
40.75555555555555,-72.81111111111112,11
40.75555555555555,-72.24444444444444,11
40.75555555555555,-72.23333333333333,17
40.75555555555555,-72.22222222222223,11
40.75555555555555,-72.16666666666667,13
40.75555555555555,-72.15555555555555,11
40.766666666666666,-73.97777777777777,13
40.766666666666666,-73.96666666666667,12
40.766666666666666,-73.92222222222222,11
40.766666666666666,-73.9,11
40.766666666666666,-73.88888888888889,22
40.766666666666666,-73.87777777777778,15
40.766666666666666,-73.84444444444445,16
40.766666666666666,-73.83333333333333,27
40.766666666666666,-73.82222222222222,16
40.766666666666666,-73.6,14
40.766666666666666,-73.58888888888889,41
40.766666666666666,-73.57777777777778,40
40.766666666666666,-73.56666666666666,31
40.766666666666666,-73.55555555555556,21
40.766666666666666,-73.54444444444445,28
40.766666666666666,-73.53333333333333,35
40.766666666666666,-73.52222222222223,14
40.766666666666666,-73.5111111111111,17
40.766666666666666,-73.35555555555555,23
40.766666666666666,-73.34444444444445,28
40.766666666666666,-73.33333333333333,15
40.766666666666666,-73.31111111111112,38
40.766666666666666,-72.95555555555555,18
40.766666666666666,-72.75555555555556,13
40.766666666666666,-72.22222222222223,13
40.766666666666666,-72.21111111111111,13
40.766666666666666,-72.2,14
40.766666666666666,-72.18888888888888,11
40.766666666666666,-72.15555555555555,11
40.766666666666666,-72.13333333333334,16
40.77777777777778,-73.96666666666667,11
40.77777777777778,-73.92222222222222,15
40.77777777777778,-73.91111111111111,16
40.77777777777778,-73.9,13
40.77777777777778,-73.87777777777778,29
40.77777777777778,-73.86666666666666,28
40.77777777777778,-73.85555555555555,27
40.77777777777778,-73.84444444444445,17
40.77777777777778,-73.58888888888889,11
40.77777777777778,-73.57777777777778,34
40.77777777777778,-73.56666666666666,75
40.77777777777778,-73.55555555555556,40
40.77777777777778,-73.54444444444445,21
40.77777777777778,-73.53333333333333,27
40.77777777777778,-73.52222222222223,34
40.77777777777778,-73.5111111111111,15
40.77777777777778,-73.33333333333333,30
40.77777777777778,-73.32222222222222,37
40.77777777777778,-73.31111111111112,27
40.77777777777778,-73.3,20
40.77777777777778,-72.94444444444444,34
40.77777777777778,-72.86666666666666,11
40.77777777777778,-72.72222222222223,12
40.77777777777778,-72.21111111111111,11
40.77777777777778,-72.2,13
40.77777777777778,-72.18888888888888,13
40.77777777777778,-72.15555555555555,11
40.77777777777778,-72.14444444444445,11
40.77777777777778,-72.13333333333334,13
40.77777777777778,-72.12222222222222,12
40.78888888888889,-74.0,12
40.78888888888889,-73.9888888888889,14
40.78888888888889,-73.97777777777777,19
40.78888888888889,-73.94444444444444,18
40.78888888888889,-73.93333333333334,21
40.78888888888889,-73.91111111111111,13
40.78888888888889,-73.9,13
40.78888888888889,-73.88888888888889,18
40.78888888888889,-73.87777777777778,34
40.78888888888889,-73.86666666666666,35
40.78888888888889,-73.85555555555555,15
40.78888888888889,-73.57777777777778,17
40.78888888888889,-73.56666666666666,24
40.78888888888889,-73.55555555555556,58
40.78888888888889,-73.54444444444445,71
40.78888888888889,-73.53333333333333,30
40.78888888888889,-73.52222222222223,20
40.78888888888889,-73.5111111111111,34
40.78888888888889,-73.5,11
40.78888888888889,-73.4888888888889,13
40.78888888888889,-73.32222222222222,13
40.78888888888889,-73.31111111111112,50
40.78888888888889,-73.3,51
40.78888888888889,-73.28888888888889,20
40.78888888888889,-72.93333333333334,43
40.78888888888889,-72.85555555555555,14
40.78888888888889,-72.68888888888888,11
40.78888888888889,-72.17777777777778,20
40.78888888888889,-72.12222222222222,14
40.78888888888889,-72.11111111111111,13
40.78888888888889,-72.1,19
40.8,-74.0,15
40.8,-73.9888888888889,15
40.8,-73.97777777777777,15
40.8,-73.96666666666667,16
40.8,-73.95555555555555,16
40.8,-73.94444444444444,24
40.8,-73.93333333333334,14
40.8,-73.92222222222222,14
40.8,-73.91111111111111,27
40.8,-73.9,34
40.8,-73.88888888888889,20
40.8,-73.85555555555555,11
40.8,-73.57777777777778,11
40.8,-73.56666666666666,17
40.8,-73.55555555555556,20
40.8,-73.54444444444445,42
40.8,-73.53333333333333,66
40.8,-73.52222222222223,45
40.8,-73.5111111111111,28
40.8,-73.5,27
40.8,-73.3,41
40.8,-73.28888888888889,61
40.8,-73.27777777777777,28
40.8,-72.92222222222222,51
40.8,-72.78888888888889,13
40.8,-72.65555555555555,11
40.8,-72.16666666666667,18
40.8,-72.15555555555555,11
40.8,-72.11111111111111,14
40.8,-72.08888888888889,12
40.8,-72.07777777777778,14
40.8,-72.06666666666666,12
40.81111111111111,-74.0,24
40.81111111111111,-73.9888888888889,25
40.81111111111111,-73.97777777777777,18
40.81111111111111,-73.96666666666667,36
40.81111111111111,-73.95555555555555,25
40.81111111111111,-73.94444444444444,17
40.81111111111111,-73.93333333333334,38
40.81111111111111,-73.92222222222222,37
40.81111111111111,-73.91111111111111,16
40.81111111111111,-73.9,13
40.81111111111111,-73.84444444444445,16
40.81111111111111,-73.83333333333333,13
40.81111111111111,-73.6,14
40.81111111111111,-73.57777777777778,12
40.81111111111111,-73.56666666666666,20
40.81111111111111,-73.55555555555556,19
40.81111111111111,-73.54444444444445,19
40.81111111111111,-73.53333333333333,27
40.81111111111111,-73.52222222222223,67
40.81111111111111,-73.5111111111111,62
40.81111111111111,-73.5,27
40.81111111111111,-73.4888888888889,43
40.81111111111111,-73.28888888888889,27
40.81111111111111,-73.27777777777777,51
40.81111111111111,-73.26666666666667,38
40.81111111111111,-73.25555555555556,17
40.81111111111111,-72.92222222222222,13
40.81111111111111,-72.91111111111111,53
40.81111111111111,-72.76666666666667,12
40.81111111111111,-72.75555555555556,11
40.81111111111111,-72.61111111111111,12
40.81111111111111,-72.15555555555555,11
40.81111111111111,-72.14444444444445,16
40.81111111111111,-72.08888888888889,11
40.81111111111111,-72.06666666666666,13
40.82222222222222,-74.0,22
40.82222222222222,-73.9888888888889,21
40.82222222222222,-73.97777777777777,24
40.82222222222222,-73.96666666666667,18
40.82222222222222,-73.95555555555555,26
40.82222222222222,-73.94444444444444,43
40.82222222222222,-73.93333333333334,18
40.82222222222222,-73.82222222222222,21
40.82222222222222,-73.61111111111111,12
40.82222222222222,-73.6,14
40.82222222222222,-73.57777777777778,20
40.82222222222222,-73.56666666666666,15
40.82222222222222,-73.55555555555556,17
40.82222222222222,-73.54444444444445,23
40.82222222222222,-73.53333333333333,20
40.82222222222222,-73.52222222222223,18
40.82222222222222,-73.5111111111111,27
40.82222222222222,-73.5,75
40.82222222222222,-73.4888888888889,58
40.82222222222222,-73.47777777777777,30
40.82222222222222,-73.27777777777777,17
40.82222222222222,-73.26666666666667,57
40.82222222222222,-73.25555555555556,13
40.82222222222222,-73.24444444444444,36
40.82222222222222,-73.23333333333333,23
40.82222222222222,-72.91111111111111,13
40.82222222222222,-72.9,63
40.82222222222222,-72.58888888888889,12
40.82222222222222,-72.43333333333334,11
40.82222222222222,-72.13333333333334,18
40.82222222222222,-72.07777777777778,11
40.82222222222222,-72.05555555555556,13
40.82222222222222,-72.04444444444445,15
40.833333333333336,-74.0,13
40.833333333333336,-73.9888888888889,17
40.833333333333336,-73.97777777777777,35
40.833333333333336,-73.96666666666667,35
40.833333333333336,-73.95555555555555,29
40.833333333333336,-73.94444444444444,11
40.833333333333336,-73.93333333333334,14
40.833333333333336,-73.91111111111111,13
40.833333333333336,-73.81111111111112,12
40.833333333333336,-73.57777777777778,16
40.833333333333336,-73.56666666666666,21
40.833333333333336,-73.55555555555556,20
40.833333333333336,-73.54444444444445,21
40.833333333333336,-73.53333333333333,15
40.833333333333336,-73.52222222222223,12
40.833333333333336,-73.5111111111111,13
40.833333333333336,-73.5,20
40.833333333333336,-73.4888888888889,45
40.833333333333336,-73.47777777777777,78
40.833333333333336,-73.46666666666667,42
40.833333333333336,-73.45555555555555,12
40.833333333333336,-73.25555555555556,61
40.833333333333336,-73.23333333333333,13
40.833333333333336,-73.22222222222223,34
40.833333333333336,-73.21111111111111,31
40.833333333333336,-72.9,21
40.833333333333336,-72.88888888888889,62
40.833333333333336,-72.11111111111111,17
40.833333333333336,-72.04444444444445,13
40.833333333333336,-72.03333333333333,12
40.84444444444444,-74.0,62
40.84444444444444,-73.9888888888889,42
40.84444444444444,-73.97777777777777,23
40.84444444444444,-73.96666666666667,18
40.84444444444444,-73.95555555555555,17
40.84444444444444,-73.94444444444444,15
40.84444444444444,-73.93333333333334,12
40.84444444444444,-73.92222222222222,14
40.84444444444444,-73.8,19
40.84444444444444,-73.58888888888889,14
40.84444444444444,-73.56666666666666,21
40.84444444444444,-73.55555555555556,25
40.84444444444444,-73.54444444444445,24
40.84444444444444,-73.53333333333333,16
40.84444444444444,-73.52222222222223,16
40.84444444444444,-73.5111111111111,19
40.84444444444444,-73.5,12
40.84444444444444,-73.4888888888889,14
40.84444444444444,-73.47777777777777,15
40.84444444444444,-73.46666666666667,76
40.84444444444444,-73.45555555555555,75
40.84444444444444,-73.44444444444444,13
40.84444444444444,-73.24444444444444,53
40.84444444444444,-73.23333333333333,16
40.84444444444444,-73.2,37
40.84444444444444,-73.18888888888888,26
40.84444444444444,-72.88888888888889,29
40.84444444444444,-72.87777777777778,60
40.84444444444444,-72.53333333333333,11
40.84444444444444,-72.52222222222223,16
40.84444444444444,-72.11111111111111,11
40.84444444444444,-72.1,11
40.84444444444444,-72.08888888888889,12
40.84444444444444,-72.02222222222223,11
40.84444444444444,-72.0111111111111,12
40.855555555555554,-74.0,14
40.855555555555554,-73.9888888888889,14
40.855555555555554,-73.97777777777777,15
40.855555555555554,-73.96666666666667,17
40.855555555555554,-73.95555555555555,13
40.855555555555554,-73.94444444444444,11
40.855555555555554,-73.92222222222222,16
40.855555555555554,-73.78888888888889,11
40.855555555555554,-73.77777777777777,16
40.855555555555554,-73.57777777777778,23
40.855555555555554,-73.56666666666666,18
40.855555555555554,-73.55555555555556,17
40.855555555555554,-73.54444444444445,26
40.855555555555554,-73.53333333333333,21
40.855555555555554,-73.52222222222223,19
40.855555555555554,-73.4888888888889,14
40.855555555555554,-73.45555555555555,41
40.855555555555554,-73.44444444444444,110
40.855555555555554,-73.43333333333334,31
40.855555555555554,-73.23333333333333,48
40.855555555555554,-73.22222222222223,25
40.855555555555554,-73.17777777777778,41
40.855555555555554,-73.16666666666667,23
40.855555555555554,-72.87777777777778,33
40.855555555555554,-72.86666666666666,59
40.855555555555554,-72.5,17
40.855555555555554,-72.38888888888889,12
40.855555555555554,-72.0111111111111,14
40.855555555555554,-72.0,13
40.86666666666667,-74.0,15
40.86666666666667,-73.9888888888889,19
40.86666666666667,-73.97777777777777,13
40.86666666666667,-73.95555555555555,15
40.86666666666667,-73.94444444444444,15
40.86666666666667,-73.93333333333334,13
40.86666666666667,-73.85555555555555,11
40.86666666666667,-73.76666666666667,14
40.86666666666667,-73.57777777777778,17
40.86666666666667,-73.56666666666666,20
40.86666666666667,-73.55555555555556,24
40.86666666666667,-73.54444444444445,22
40.86666666666667,-73.53333333333333,22
40.86666666666667,-73.52222222222223,18
40.86666666666667,-73.5111111111111,13
40.86666666666667,-73.5,11
40.86666666666667,-73.4888888888889,12
40.86666666666667,-73.47777777777777,11
40.86666666666667,-73.44444444444444,12
40.86666666666667,-73.43333333333334,83
40.86666666666667,-73.42222222222222,87
40.86666666666667,-73.22222222222223,30
40.86666666666667,-73.21111111111111,39
40.86666666666667,-73.15555555555555,34
40.86666666666667,-73.14444444444445,34
40.86666666666667,-72.86666666666666,32
40.86666666666667,-72.85555555555555,64
40.86666666666667,-72.47777777777777,14
40.86666666666667,-72.06666666666666,11
40.86666666666667,-72.0,11
40.86666666666667,-71.97777777777777,14
40.87777777777778,-73.97777777777777,11
40.87777777777778,-73.95555555555555,16
40.87777777777778,-73.94444444444444,18
40.87777777777778,-73.93333333333334,11
40.87777777777778,-73.92222222222222,12
40.87777777777778,-73.84444444444445,13
40.87777777777778,-73.75555555555556,12
40.87777777777778,-73.57777777777778,12
40.87777777777778,-73.56666666666666,19
40.87777777777778,-73.55555555555556,26
40.87777777777778,-73.54444444444445,17
40.87777777777778,-73.53333333333333,21
40.87777777777778,-73.5,12
40.87777777777778,-73.47777777777777,12
40.87777777777778,-73.46666666666667,12
40.87777777777778,-73.43333333333334,11
40.87777777777778,-73.42222222222222,38
40.87777777777778,-73.41111111111111,105
40.87777777777778,-73.4,22
40.87777777777778,-73.21111111111111,30
40.87777777777778,-73.2,42
40.87777777777778,-73.13333333333334,28
40.87777777777778,-73.12222222222222,33
40.87777777777778,-72.85555555555555,29
40.87777777777778,-72.84444444444445,69
40.87777777777778,-72.43333333333334,18
40.87777777777778,-72.36666666666666,13
40.87777777777778,-72.05555555555556,12
40.87777777777778,-71.97777777777777,11
40.87777777777778,-71.96666666666667,13
40.888888888888886,-74.0,17
40.888888888888886,-73.9888888888889,14
40.888888888888886,-73.97777777777777,18
40.888888888888886,-73.96666666666667,17
40.888888888888886,-73.95555555555555,23
40.888888888888886,-73.94444444444444,17
40.888888888888886,-73.93333333333334,17
40.888888888888886,-73.91111111111111,16
40.888888888888886,-73.88888888888889,12
40.888888888888886,-73.74444444444444,13
40.888888888888886,-73.61111111111111,11
40.888888888888886,-73.58888888888889,12
40.888888888888886,-73.56666666666666,26
40.888888888888886,-73.55555555555556,22
40.888888888888886,-73.54444444444445,16
40.888888888888886,-73.53333333333333,11
40.888888888888886,-73.52222222222223,18
40.888888888888886,-73.5111111111111,14
40.888888888888886,-73.4888888888889,11
40.888888888888886,-73.45555555555555,14
40.888888888888886,-73.4,93
40.888888888888886,-73.38888888888889,62
40.888888888888886,-73.2,20
40.888888888888886,-73.18888888888888,49
40.888888888888886,-73.11111111111111,37
40.888888888888886,-73.1,30
40.888888888888886,-72.84444444444445,39
40.888888888888886,-72.83333333333333,56
40.888888888888886,-72.41111111111111,13
40.888888888888886,-72.04444444444445,12
40.888888888888886,-72.02222222222223,11
40.888888888888886,-72.0111111111111,11
40.888888888888886,-71.95555555555555,11
40.9,-73.9888888888889,11
40.9,-73.97777777777777,17
40.9,-73.96666666666667,20
40.9,-73.95555555555555,17
40.9,-73.94444444444444,20
40.9,-73.93333333333334,12
40.9,-73.92222222222222,19
40.9,-73.91111111111111,12
40.9,-73.88888888888889,16
40.9,-73.86666666666666,12
40.9,-73.85555555555555,16
40.9,-73.83333333333333,13
40.9,-73.72222222222223,13
40.9,-73.62222222222222,12
40.9,-73.58888888888889,13
40.9,-73.57777777777778,14
40.9,-73.56666666666666,27
40.9,-73.55555555555556,11
40.9,-73.54444444444445,17
40.9,-73.52222222222223,12
40.9,-73.5111111111111,13
40.9,-73.47777777777777,14
40.9,-73.46666666666667,15
40.9,-73.38888888888889,48
40.9,-73.37777777777778,107
40.9,-73.36666666666666,19
40.9,-73.17777777777778,62
40.9,-73.08888888888889,38
40.9,-73.07777777777778,34
40.9,-72.83333333333333,41
40.9,-72.82222222222222,50
40.9,-72.38888888888889,11
40.9,-72.36666666666666,17
40.9,-72.0,15
40.9,-71.96666666666667,11
40.9,-71.95555555555555,11
40.9,-71.94444444444444,12
40.9,-71.93333333333334,12
40.91111111111111,-73.9888888888889,12
40.91111111111111,-73.97777777777777,12
40.91111111111111,-73.96666666666667,19
40.91111111111111,-73.95555555555555,11
40.91111111111111,-73.94444444444444,17
40.91111111111111,-73.93333333333334,20
40.91111111111111,-73.92222222222222,21
40.91111111111111,-73.91111111111111,20
40.91111111111111,-73.9,16
40.91111111111111,-73.88888888888889,16
40.91111111111111,-73.87777777777778,16
40.91111111111111,-73.86666666666666,17
40.91111111111111,-73.84444444444445,14
40.91111111111111,-73.83333333333333,12
40.91111111111111,-73.72222222222223,13
40.91111111111111,-73.62222222222222,15
40.91111111111111,-73.61111111111111,15
40.91111111111111,-73.58888888888889,18
40.91111111111111,-73.57777777777778,21
40.91111111111111,-73.56666666666666,17
40.91111111111111,-73.55555555555556,19
40.91111111111111,-73.54444444444445,14
40.91111111111111,-73.4888888888889,12
40.91111111111111,-73.45555555555555,15
40.91111111111111,-73.36666666666666,82
40.91111111111111,-73.35555555555555,72
40.91111111111111,-73.16666666666667,43
40.91111111111111,-73.15555555555555,21
40.91111111111111,-73.06666666666666,33
40.91111111111111,-73.05555555555556,35
40.91111111111111,-72.82222222222222,47
40.91111111111111,-72.81111111111112,50
40.91111111111111,-72.34444444444445,17
40.91111111111111,-72.32222222222222,17
40.91111111111111,-71.97777777777777,14
40.922222222222224,-73.97777777777777,14
40.922222222222224,-73.95555555555555,11
40.922222222222224,-73.94444444444444,11
40.922222222222224,-73.93333333333334,11
40.922222222222224,-73.92222222222222,16
40.922222222222224,-73.91111111111111,16
40.922222222222224,-73.9,19
40.922222222222224,-73.87777777777778,11
40.922222222222224,-73.86666666666666,12
40.922222222222224,-73.85555555555555,14
40.922222222222224,-73.82222222222222,12
40.922222222222224,-73.7,13
40.922222222222224,-73.66666666666667,11
40.922222222222224,-73.64444444444445,15
40.922222222222224,-73.63333333333334,14
40.922222222222224,-73.62222222222222,15
40.922222222222224,-73.61111111111111,11
40.922222222222224,-73.6,17
40.922222222222224,-73.58888888888889,14
40.922222222222224,-73.57777777777778,16
40.922222222222224,-73.56666666666666,15
40.922222222222224,-73.55555555555556,17
40.922222222222224,-73.46666666666667,12
40.922222222222224,-73.44444444444444,11
40.922222222222224,-73.43333333333334,16
40.922222222222224,-73.35555555555555,37
40.922222222222224,-73.34444444444445,96
40.922222222222224,-73.33333333333333,32
40.922222222222224,-73.15555555555555,49
40.922222222222224,-73.14444444444445,21
40.922222222222224,-73.04444444444445,33
40.922222222222224,-73.03333333333333,35
40.922222222222224,-72.81111111111112,49
40.922222222222224,-72.8,60
40.922222222222224,-72.32222222222222,16
40.922222222222224,-72.31111111111112,21
40.922222222222224,-72.3,14
40.922222222222224,-71.96666666666667,16
40.922222222222224,-71.93333333333334,13
40.922222222222224,-71.92222222222222,11
40.93333333333333,-73.9888888888889,13
40.93333333333333,-73.92222222222222,12
40.93333333333333,-73.9,11
40.93333333333333,-73.87777777777778,21
40.93333333333333,-73.86666666666666,13
40.93333333333333,-73.84444444444445,16
40.93333333333333,-73.68888888888888,14
40.93333333333333,-73.67777777777778,11
40.93333333333333,-73.66666666666667,14
40.93333333333333,-73.65555555555555,12
40.93333333333333,-73.64444444444445,17
40.93333333333333,-73.63333333333334,18
40.93333333333333,-73.62222222222222,18
40.93333333333333,-73.61111111111111,12
40.93333333333333,-73.6,14
40.93333333333333,-73.58888888888889,13
40.93333333333333,-73.57777777777778,14
40.93333333333333,-73.56666666666666,18
40.93333333333333,-73.44444444444444,12
40.93333333333333,-73.43333333333334,13
40.93333333333333,-73.41111111111111,13
40.93333333333333,-73.33333333333333,76
40.93333333333333,-73.32222222222222,54
40.93333333333333,-73.31111111111112,18
40.93333333333333,-73.14444444444445,36
40.93333333333333,-73.13333333333334,31
40.93333333333333,-73.02222222222223,36
40.93333333333333,-73.0111111111111,25
40.93333333333333,-72.8,19
40.93333333333333,-72.78888888888889,59
40.93333333333333,-72.77777777777777,43
40.93333333333333,-72.76666666666667,49
40.93333333333333,-72.3,12
40.93333333333333,-72.28888888888889,13
40.93333333333333,-72.27777777777777,19
40.93333333333333,-72.26666666666667,16
40.93333333333333,-71.94444444444444,12
40.93333333333333,-71.92222222222222,11
40.93333333333333,-71.91111111111111,14
40.94444444444444,-73.9,12
40.94444444444444,-73.87777777777778,11
40.94444444444444,-73.85555555555555,14
40.94444444444444,-73.83333333333333,11
40.94444444444444,-73.82222222222222,15
40.94444444444444,-73.67777777777778,24
40.94444444444444,-73.66666666666667,18
40.94444444444444,-73.65555555555555,22
40.94444444444444,-73.64444444444445,16
40.94444444444444,-73.63333333333334,13
40.94444444444444,-73.62222222222222,17
40.94444444444444,-73.61111111111111,17
40.94444444444444,-73.6,16
40.94444444444444,-73.58888888888889,13
40.94444444444444,-73.56666666666666,12
40.94444444444444,-73.43333333333334,13
40.94444444444444,-73.32222222222222,47
40.94444444444444,-73.31111111111112,85
40.94444444444444,-73.3,14
40.94444444444444,-73.28888888888889,18
40.94444444444444,-73.13333333333334,25
40.94444444444444,-73.12222222222222,44
40.94444444444444,-73.0111111111111,11
40.94444444444444,-73.0,23
40.94444444444444,-72.9888888888889,15
40.94444444444444,-72.78888888888889,11
40.94444444444444,-72.75555555555556,58
40.94444444444444,-72.74444444444444,47
40.94444444444444,-72.73333333333333,51
40.94444444444444,-72.72222222222223,51
40.94444444444444,-72.25555555555556,17
40.94444444444444,-72.24444444444444,13
40.94444444444444,-72.23333333333333,14
40.94444444444444,-71.93333333333334,12
40.94444444444444,-71.88888888888889,17
40.94444444444444,-71.87777777777778,14
40.94444444444444,-71.86666666666666,13
40.955555555555556,-73.88888888888889,14
40.955555555555556,-73.86666666666666,14
40.955555555555556,-73.84444444444445,12
40.955555555555556,-73.78888888888889,14
40.955555555555556,-73.76666666666667,11
40.955555555555556,-73.7,12
40.955555555555556,-73.68888888888888,15
40.955555555555556,-73.67777777777778,20
40.955555555555556,-73.66666666666667,16
40.955555555555556,-73.65555555555555,26
40.955555555555556,-73.64444444444445,24
40.955555555555556,-73.62222222222222,17
40.955555555555556,-73.61111111111111,16
40.955555555555556,-73.6,16
40.955555555555556,-73.58888888888889,14
40.955555555555556,-73.42222222222222,17
40.955555555555556,-73.41111111111111,12
40.955555555555556,-73.38888888888889,14
40.955555555555556,-73.3,84
40.955555555555556,-73.28888888888889,39
40.955555555555556,-73.27777777777777,12
40.955555555555556,-73.26666666666667,19
40.955555555555556,-73.12222222222222,19
40.955555555555556,-73.11111111111111,45
40.955555555555556,-72.9888888888889,12
40.955555555555556,-72.72222222222223,14
40.955555555555556,-72.71111111111111,52
40.955555555555556,-72.7,46
40.955555555555556,-72.68888888888888,49
40.955555555555556,-72.67777777777778,41
40.955555555555556,-72.22222222222223,15
40.955555555555556,-72.21111111111111,16
40.955555555555556,-72.2,20
40.955555555555556,-71.92222222222222,13
40.955555555555556,-71.91111111111111,11
40.955555555555556,-71.87777777777778,12
40.955555555555556,-71.86666666666666,15
40.955555555555556,-71.85555555555555,11
40.96666666666667,-73.84444444444445,14
40.96666666666667,-73.82222222222222,14
40.96666666666667,-73.81111111111112,11
40.96666666666667,-73.78888888888889,16
40.96666666666667,-73.76666666666667,13
40.96666666666667,-73.71111111111111,16
40.96666666666667,-73.7,13
40.96666666666667,-73.68888888888888,15
40.96666666666667,-73.67777777777778,16
40.96666666666667,-73.66666666666667,14
40.96666666666667,-73.65555555555555,19
40.96666666666667,-73.64444444444445,30
40.96666666666667,-73.63333333333334,23
40.96666666666667,-73.62222222222222,18
40.96666666666667,-73.61111111111111,14
40.96666666666667,-73.6,14
40.96666666666667,-73.58888888888889,13
40.96666666666667,-73.57777777777778,13
40.96666666666667,-73.41111111111111,14
40.96666666666667,-73.38888888888889,13
40.96666666666667,-73.28888888888889,43
40.96666666666667,-73.27777777777777,83
40.96666666666667,-73.25555555555556,16
40.96666666666667,-73.24444444444444,17
40.96666666666667,-73.1,58
40.96666666666667,-72.67777777777778,17
40.96666666666667,-72.66666666666667,42
40.96666666666667,-72.65555555555555,55
40.96666666666667,-72.64444444444445,43
40.96666666666667,-72.63333333333334,38
40.96666666666667,-72.18888888888888,14
40.96666666666667,-72.17777777777778,16
40.96666666666667,-72.16666666666667,14
40.96666666666667,-71.9,11
40.96666666666667,-71.85555555555555,14
40.977777777777774,-73.81111111111112,15
40.977777777777774,-73.8,15
40.977777777777774,-73.78888888888889,24
40.977777777777774,-73.77777777777777,14
40.977777777777774,-73.76666666666667,11
40.977777777777774,-73.75555555555556,13
40.977777777777774,-73.74444444444444,11
40.977777777777774,-73.73333333333333,12
40.977777777777774,-73.72222222222223,12
40.977777777777774,-73.7,13
40.977777777777774,-73.68888888888888,12
40.977777777777774,-73.67777777777778,17
40.977777777777774,-73.66666666666667,16
40.977777777777774,-73.65555555555555,12
40.977777777777774,-73.64444444444445,21
40.977777777777774,-73.63333333333334,28
40.977777777777774,-73.61111111111111,15
40.977777777777774,-73.6,13
40.977777777777774,-73.36666666666666,11
40.977777777777774,-73.34444444444445,12
40.977777777777774,-73.26666666666667,75
40.977777777777774,-73.25555555555556,40
40.977777777777774,-73.23333333333333,16
40.977777777777774,-73.22222222222223,18
40.977777777777774,-73.08888888888889,58
40.977777777777774,-73.07777777777778,15
40.977777777777774,-72.63333333333334,13
40.977777777777774,-72.62222222222222,42
40.977777777777774,-72.61111111111111,51
40.977777777777774,-72.6,41
40.977777777777774,-72.58888888888889,32
40.977777777777774,-72.15555555555555,17
40.977777777777774,-72.14444444444445,15
40.977777777777774,-72.13333333333334,16
40.977777777777774,-71.88888888888889,15
40.977777777777774,-71.87777777777778,12
40.977777777777774,-71.84444444444445,12
40.977777777777774,-71.83333333333333,13
40.98888888888889,-73.82222222222222,11
40.98888888888889,-73.8,11
40.98888888888889,-73.78888888888889,17
40.98888888888889,-73.77777777777777,14
40.98888888888889,-73.76666666666667,17
40.98888888888889,-73.75555555555556,14
40.98888888888889,-73.74444444444444,20
40.98888888888889,-73.73333333333333,13
40.98888888888889,-73.72222222222223,16
40.98888888888889,-73.71111111111111,22
40.98888888888889,-73.7,12
40.98888888888889,-73.67777777777778,11
40.98888888888889,-73.66666666666667,18
40.98888888888889,-73.65555555555555,18
40.98888888888889,-73.64444444444445,14
40.98888888888889,-73.63333333333334,13
40.98888888888889,-73.62222222222222,24
40.98888888888889,-73.61111111111111,12
40.98888888888889,-73.4,12
40.98888888888889,-73.37777777777778,15
40.98888888888889,-73.25555555555556,42
40.98888888888889,-73.24444444444444,74
40.98888888888889,-73.21111111111111,15
40.98888888888889,-73.2,17
40.98888888888889,-73.07777777777778,38
40.98888888888889,-73.06666666666666,25
40.98888888888889,-72.58888888888889,16
40.98888888888889,-72.57777777777778,46
40.98888888888889,-72.56666666666666,43
40.98888888888889,-72.55555555555556,42
40.98888888888889,-72.54444444444445,29
40.98888888888889,-72.12222222222222,16
40.98888888888889,-72.11111111111111,14
40.98888888888889,-71.82222222222222,13
40.98888888888889,-71.81111111111112,12
41.0,-73.73333333333333,11
41.0,-73.72222222222223,12
41.0,-73.23333333333333,48
41.0,-73.06666666666666,39
41.0,-72.54444444444445,12
41.0,-72.53333333333333,40
41.0,-72.52222222222223,64
41.0,-71.9,11
41.0,-71.81111111111112,11
